PlayerName,Event,Timestamp,Position_X,Position_Y,Position_Z

Gerard,POSITION,00:00:05,6,-0.02091122,-35
Gerard,POSITION,00:00:06,6,-0.02091122,-35
Gerard,POSITION,00:00:06,6,-0.02091122,-35
Gerard,POSITION,00:00:07,4.854836,-0.02170086,-34.90578
Gerard,ATTACK,00:00:07,3.035986,-0.02299023,-34.89594
Gerard,POSITION,00:00:07,2.867159,-0.02311039,-34.89524
Gerard,POSITION,00:00:08,0.1453292,-0.02500057,-34.72285
Gerard,ATTACK,00:00:08,-0.9755845,-0.02562332,-34.04151
Gerard,POSITION,00:00:08,-1.016519,-0.02561092,-33.87803
Gerard,ATTACK,00:00:09,0.6381358,-0.02453613,-34.27534
Gerard,POSITION,00:00:09,0.6685444,-0.02455711,-34.44117
Gerard,POSITION,00:00:10,2.784488,-0.02306938,-34.50132
Gerard,ATTACK,00:00:10,4.606272,-0.02160645,-33.84178
Gerard,POSITION,00:00:10,4.746866,-0.02148342,-33.74831
Gerard,POSITION,00:00:11,6.625919,-0.01964283,-31.76407
Gerard,ATTACK,00:00:11,7.232575,-0.01909733,-31.31267
Gerard,POSITION,00:00:11,7.376614,-0.01896667,-31.20235

Sebi,POSITION,00:00:06,6,-0.02091122,-35
Sebi,POSITION,00:00:06,6,-0.02091122,-35
Sebi,POSITION,00:00:07,6,-0.02091122,-35
Sebi,POSITION,00:00:07,5.080945,-0.02127838,-33.87511
Sebi,POSITION,00:00:08,2.335105,-0.02142906,-31.055
Sebi,POSITION,00:00:08,-0.3893236,-0.02345371,-28.42786
Sebi,POSITION,00:00:09,-3.38411,-0.0252533,-25.86092
Sebi,POSITION,00:00:09,-6.283161,-0.02669048,-23.41578
Sebi,POSITION,00:00:10,-9.482783,-0.0284996,-21.59039
Sebi,JUMP,00:00:10,-12.41329,0.2321081,-21.49827
Sebi,POSITION,00:00:10,-13.53255,1.464108,-21.4574
Sebi,POSITION,00:00:11,-17.83603,1.444109,-21.09695
Sebi,POSITION,00:00:11,-19.66385,0.982686,-21.56089
Sebi,POSITION,00:00:12,-22.73582,0.982686,-22.6289
Sebi,POSITION,00:00:12,-25.07502,1.031902,-23.85145
Sebi,POSITION,00:00:13,-23.09349,0.982686,-22.16172
Sebi,JUMP,00:00:13,-23.1341,0.982686,-21.55672
Sebi,POSITION,00:00:13,-24.02698,3.218686,-18.15654
Sebi,POSITION,00:00:14,-23.14727,0.982686,-14.78435
Sebi,ATTACK,00:00:14,-22.17526,0.982686,-13.43385
Sebi,POSITION,00:00:14,-22.02631,0.982686,-13.35437
Sebi,ATTACK,00:00:15,-21.71523,0.982686,-13.18841
Sebi,ATTACK,00:00:15,-21.14302,0.982686,-12.88314
Sebi,POSITION,00:00:15,-20.6592,0.982686,-12.62551
Sebi,POSITION,00:00:15,-20.24388,0.982686,-12.38746

Sebi,POSITION,00:00:06,6,-0.02091122,-35

Sebi,POSITION,00:00:02,6,-0.02091122,-35
Sebi,POSITION,00:00:03,6,-0.02091122,-35
Sebi,POSITION,00:00:03,6,-0.02091122,-35
Sebi,POSITION,00:00:04,6,-0.02091122,-35
Sebi,POSITION,00:00:04,4.505095,-0.02189922,-34.7074
Sebi,POSITION,00:00:05,2.25843,-0.02211571,-31.74375
Sebi,POSITION,00:00:05,1.075779,-0.02198696,-28.31752
Sebi,JUMP,00:00:05,1.466189,-0.02166557,-25.30468
Sebi,POSITION,00:00:06,1.474523,0.8983345,-24.50473
Sebi,POSITION,00:00:06,1.477944,1.990335,-20.34473
Sebi,POSITION,00:00:07,1.408971,-0.01966953,-17.30271
Sebi,POSITION,00:00:07,1.163311,-0.01910019,-14.37951
Sebi,POSITION,00:00:08,1.015943,-0.01824284,-10.5975
Sebi,POSITION,00:00:08,-0.4608949,-0.01845169,-7.296243
Sebi,POSITION,00:00:09,-3.2199,-0.02103615,-9.749088
Sebi,POSITION,00:00:09,-6.669221,-0.02385139,-11.18178
Sebi,POSITION,00:00:10,-10.00214,-0.02650166,-12.28987
Sebi,POSITION,00:00:10,-13.2672,0.6651926,-12.71958
Sebi,POSITION,00:00:11,-16.8428,0.982686,-13.05638
Sebi,POSITION,00:00:11,-20.88788,0.982686,-13.68138
Sebi,POSITION,00:00:12,-23.099,0.982686,-14.00802
Sebi,POSITION,00:00:12,-23.099,0.982686,-14.00802
Sebi,POSITION,00:00:13,-21.18648,0.982686,-15.37325
Sebi,POSITION,00:00:13,-19.66408,0.982686,-15.51537
Sebi,POSITION,00:00:14,-16.2283,0.982686,-14.6841
Sebi,POSITION,00:00:14,-12.91755,0.4883461,-14.36515
Sebi,POSITION,00:00:15,-10.61988,-0.02676105,-11.58528
Sebi,POSITION,00:00:15,-7.221313,-0.02401829,-10.29512
Sebi,POSITION,00:00:16,-4.126394,-0.02126503,-8.116752
Sebi,POSITION,00:00:16,-0.7367744,-0.01837349,-6.220002
Sebi,POSITION,00:00:17,2.932796,-0.01565647,-5.78753
Sebi,POSITION,00:00:17,5.606712,-0.01307201,-3.098747
Sebi,POSITION,00:00:18,8.277579,-0.01049137,-0.4130287
Sebi,LEVEL_ENTER,00:00:18,9.45336,-0.009354591,0.7692871
Sebi,LEVEL_ENTER,00:00:18,9.846118,0.2026062,0.9885445
Sebi,POSITION,00:00:18,11.05017,0.05618191,1.119007
Sebi,POSITION,00:00:19,11.22559,0.03899956,1.134947
Sebi,POSITION,00:00:19,11.22559,0.03899956,1.134947
Sebi,POSITION,00:00:20,11.22559,0.03899956,1.134947
Sebi,POSITION,00:00:20,13.89728,-0.01678753,1.142353
Sebi,POSITION,00:00:21,17.83829,-0.01731396,1.153278
Sebi,POSITION,00:00:21,21.77675,-0.01731396,1.164196
Sebi,POSITION,00:00:22,25.55988,0.01288414,1.153393
Sebi,POSITION,00:00:22,29.34206,0.1683645,1.125433
Sebi,ATTACK,00:00:22,29.34206,0.1683645,1.125433
Sebi,ENEMY_KILLED,00:00:22,29.50982,0.1855965,1.12388
Sebi,ATTACK,00:00:23,29.84852,0.2273569,1.045876
Sebi,POSITION,00:00:23,30.20466,0.2554674,0.9638138
Sebi,ATTACK,00:00:23,30.44948,0.2723198,0.8508816
Sebi,POSITION,00:00:23,30.88226,0.3004389,0.3590946
Sebi,ENEMY_KILLED,00:00:23,30.91596,0.3074818,0.02056694
Sebi,POSITION,00:00:24,31.11664,0.3067703,-0.1411209
Sebi,ATTACK,00:00:24,31.11664,0.3067703,-0.1411209
Sebi,ENEMY_KILLED,00:00:24,31.53537,0.3180828,0.1107159
Sebi,POSITION,00:00:24,31.67858,0.3175802,0.2884674
Sebi,ATTACK,00:00:24,31.95281,0.316515,0.6342583
Sebi,ATTACK,00:00:25,32.27621,0.3080807,1.041859
Sebi,ENEMY_KILLED,00:00:25,32.59265,0.3028774,1.22851
Sebi,POSITION,00:00:25,32.59265,0.3028774,1.22851
Sebi,ATTACK,00:00:25,32.85918,0.2999086,1.310349
Sebi,POSITION,00:00:25,33.81017,0.2924519,1.644325
Sebi,ENEMY_KILLED,00:00:25,33.81017,0.2924519,1.644325
Sebi,POSITION,00:00:26,34.62363,0.3841238,2.472233
Sebi,POSITION,00:00:26,34.36507,0.4866753,6.188879
Sebi,ATTACK,00:00:27,31.58335,0.7123632,8.451435
Sebi,POSITION,00:00:27,31.48594,0.6991329,8.533377
Sebi,POSITION,00:00:27,30.91065,0.6528778,9.131573
Sebi,ATTACK,00:00:28,29.2599,0.520853,10.96041
Sebi,ENEMY_KILLED,00:00:28,29.15051,0.4724426,11.06811
Sebi,POSITION,00:00:28,29.15051,0.4724426,11.06811
Sebi,POSITION,00:00:28,27.84588,0.3681183,12.31964
Sebi,POSITION,00:00:29,25.30107,0.4960203,15.17107
Sebi,POSITION,00:00:29,23.5101,0.3195848,18.44064
Sebi,POSITION,00:00:30,21.8701,0.03645039,21.78681
Sebi,ATTACK,00:00:30,20.96067,0.2847776,23.66645
Sebi,RECEIVE_DAMAGE,00:00:30,20.88627,0.2962847,23.81712
Sebi,POSITION,00:00:30,20.88627,0.2962847,23.81712
Sebi,POSITION,00:00:31,20.9353,0.2895403,23.84965
Sebi,ATTACK,00:00:31,20.9353,0.2895403,23.84965
Sebi,ENEMY_KILLED,00:00:31,21.08108,0.2715445,23.92983
Sebi,POSITION,00:00:31,21.08108,0.2715445,23.92983
Sebi,POSITION,00:00:32,21.98611,0.107892,23.37874
Sebi,POSITION,00:00:32,25.21735,0.356925,21.5235
Sebi,POSITION,00:00:33,28.87002,0.1248236,20.19351
Sebi,POSITION,00:00:33,30.61112,0.1580715,20.34568
Sebi,POSITION,00:00:34,31.0321,0.4385157,20.42913
Sebi,POSITION,00:00:34,31.0321,0.4385157,20.42913
Sebi,POSITION,00:00:35,31.0321,0.4385157,20.42913
Sebi,POSITION,00:00:35,30.82422,0.3978224,20.23159
Sebi,POSITION,00:00:36,29.42879,0.1426067,19.13079
Sebi,POSITION,00:00:36,28.82274,0.3695745,16.28189
Sebi,ATTACK,00:00:37,27.94238,0.3507776,15.04419
Sebi,POSITION,00:00:37,27.78093,0.3843832,15.04641
Sebi,POSITION,00:00:37,25.93703,0.4241381,16.97126
Sebi,POSITION,00:00:38,22.2447,0.2139606,17.13853
Sebi,POSITION,00:00:38,22.58578,0.1552467,19.97807
Sebi,POSITION,00:00:39,22.75432,0.1716785,20.14911
Sebi,POSITION,00:00:39,24.02781,0.4989986,17.54562
Sebi,JUMP,00:00:40,26.03549,0.4912872,14.83197
Sebi,POSITION,00:00:40,26.17956,0.8832874,14.54623
Sebi,POSITION,00:00:41,28.05238,2.415288,10.83165
Sebi,POSITION,00:00:41,29.34598,0.4725571,8.0891
Sebi,POSITION,00:00:42,30.14427,0.5026407,5.490986
Sebi,POSITION,00:00:42,30.47439,0.2296047,1.796032
Sebi,POSITION,00:00:43,30.42109,0.2358246,-1.990309
Sebi,POSITION,00:00:43,29.82787,0.1678019,-5.700505
Sebi,ATTACK,00:00:43,28.83346,0.1769581,-7.14345
Sebi,POSITION,00:00:44,28.67025,0.1715288,-7.185948
Sebi,POSITION,00:00:44,27.81173,0.1279345,-7.396196
Sebi,POSITION,00:00:45,27.5561,0.1052227,-7.496341
Sebi,POSITION,00:00:45,25.84368,-0.0115757,-8.172118
Sebi,POSITION,00:00:46,24.59794,0.07325745,-7.814053
Sebi,POSITION,00:00:46,20.94828,0.403163,-8.282681
Sebi,ATTACK,00:00:46,19.33914,0.6191854,-8.540375
Sebi,POSITION,00:00:47,19.17067,0.6180124,-8.551114
Sebi,POSITION,00:00:47,19.03912,0.6169949,-8.558978
Sebi,POSITION,00:00:48,20.88215,0.4740562,-8.797856
Sebi,POSITION,00:00:48,23.59071,0.08154011,-7.276235
Sebi,POSITION,00:00:49,27.16633,0.02495861,-8.446309
Sebi,POSITION,00:00:49,30.02557,0.1996632,-6.862469
Sebi,POSITION,00:00:50,30.69394,0.2099142,-2.981527
Sebi,POSITION,00:00:50,31.05549,0.2959652,0.7794151
Sebi,POSITION,00:00:51,31.06187,0.368783,4.554289
Sebi,POSITION,00:00:51,29.94236,0.5141802,8.000589
Sebi,POSITION,00:00:52,26.86006,0.2231979,10.07097
Sebi,POSITION,00:00:52,23.62031,0.4804182,12.24914
Sebi,POSITION,00:00:53,21.48681,0.5302572,15.09559
Sebi,POSITION,00:00:53,18.93719,0.4852285,17.51246
Sebi,POSITION,00:00:54,17.91,0.7421522,18.67208
Sebi,POSITION,00:00:54,17.91,0.7421522,18.67208
Sebi,POSITION,00:00:55,17.91,0.7421522,18.67208
Sebi,ACTIVATE_SWITCH,00:00:55,16.34061,0.8885183,18.91514
Sebi,POSITION,00:00:55,16.34061,0.8885183,18.91514
Sebi,POSITION,00:00:56,16.16099,0.8072052,18.98282
Sebi,POSITION,00:00:56,17.76866,0.8039598,19.02251
Sebi,POSITION,00:00:57,20.93952,0.2142439,20.38319
Sebi,POSITION,00:00:57,23.47485,0.267375,21.66909
Sebi,POSITION,00:00:58,25.72462,0.3604155,18.66258
Sebi,POSITION,00:00:58,28.91722,0.4074898,16.78523
Sebi,POSITION,00:00:59,32.40079,0.4097204,15.60585
Sebi,POSITION,00:00:59,34.08086,0.2699156,12.21666
Sebi,POSITION,00:01:00,34.23266,0.4532213,8.633223
Sebi,POSITION,00:01:00,33.19608,0.4154835,4.882442
Sebi,POSITION,00:01:01,34.26951,0.346344,1.267183
Sebi,POSITION,00:01:01,36.72202,0.6687689,-1.072704
Sebi,POSITION,00:01:02,40.335,0.4899998,-1.057131
Sebi,POSITION,00:01:02,44.11427,0.4899998,-0.84272
Sebi,POSITION,00:01:03,47.97279,0.5974264,-0.6040916
Sebi,POSITION,00:01:03,51.67126,0.1722841,-0.767107
Sebi,POSITION,00:01:04,54.71589,0.4507771,0.7062263
Sebi,POSITION,00:01:04,56.17481,0.8029814,4.040747
Sebi,ATTACK,00:01:04,57.0722,0.6651859,5.053125
Sebi,POSITION,00:01:05,57.19185,0.6465425,5.169067
Sebi,POSITION,00:01:05,59.66248,0.3423481,4.987921
Sebi,POSITION,00:01:06,60.99948,0.6066694,1.549961
Sebi,POSITION,00:01:06,62.78111,0.4139166,-1.557388
Sebi,POSITION,00:01:07,63.07241,0.4587841,-1.562851
Sebi,POSITION,00:01:07,65.46449,0.4995365,1.215332
Sebi,POSITION,00:01:08,68.20767,0.7342043,0.7225571
Sebi,POSITION,00:01:08,68.82601,2.555071,-1.553528
Sebi,POSITION,00:01:09,69.4556,4,-4.041595
Sebi,POSITION,00:01:09,71.53885,4,-3.750073
Sebi,POSITION,00:01:10,70.73599,3.982686,-0.3935127
Sebi,POSITION,00:01:10,70.61964,3.982686,3.3894
Sebi,POSITION,00:01:11,71.32612,3.982686,6.019423
Sebi,JUMP,00:01:11,71.32612,3.982685,6.019423
Sebi,POSITION,00:01:11,72.40263,5.730686,6.193872
Sebi,POSITION,00:01:12,75.5855,5.106686,5.696571
Sebi,POSITION,00:01:12,76.7949,4,5.408901
Sebi,POSITION,00:01:13,78.28208,4,5.669067
Sebi,JUMP,00:01:13,79.04797,4,5.668447
Sebi,POSITION,00:01:13,79.93698,6.007132,5.552069
Sebi,POSITION,00:01:14,83.41678,4.915132,5.297932
Sebi,DEATH,00:01:14,83.51189,0.2843161,7.999268
Sebi,POSITION,00:01:14,83.51189,0.2843161,7.999268
Sebi,POSITION,00:01:15,83.51189,0.2843161,7.999268
Sebi,POSITION,00:01:15,83.51189,0.2843161,7.999268
Sebi,POSITION,00:01:16,83.51189,0.2843161,7.999268
Sebi,POSITION,00:01:16,83.51189,0.2843161,7.999268
Sebi,POSITION,00:01:17,70,4,-4
Sebi,POSITION,00:01:17,70,4,-4
Sebi,POSITION,00:01:18,70,4,-4
Sebi,POSITION,00:01:18,70,4,-4
Sebi,POSITION,00:01:19,70.16653,4,-3.742062
Sebi,POSITION,00:01:19,71.10914,3.982686,-0.4690895
Sebi,POSITION,00:01:20,70.94905,3.982686,3.258514
Sebi,POSITION,00:01:20,70.25225,3.982686,6.300684
Sebi,POSITION,00:01:21,70.05155,3.982686,6.558849
Sebi,JUMP,00:01:21,70.05316,3.982686,6.581007
Sebi,POSITION,00:01:21,72.86095,6.054687,7.938923
Sebi,POSITION,00:01:22,73.53252,3.998225,4.962362
Sebi,POSITION,00:01:22,73.16468,1.479292,4.982534
Sebi,DEATH,00:01:23,72.76595,0.2843161,5.426613
Sebi,POSITION,00:01:23,72.4099,0.2843161,6.432411
Sebi,POSITION,00:01:23,72.4099,0.2843161,6.432411
Sebi,POSITION,00:01:24,72.4099,0.2843161,6.432411
Sebi,POSITION,00:01:24,72.4099,0.2843161,6.432411
Sebi,POSITION,00:01:25,72.4099,0.2843161,6.432411
Sebi,POSITION,00:01:25,70,4,-4
Sebi,POSITION,00:01:26,70,4,-4
Sebi,POSITION,00:01:26,70,4,-4
Sebi,POSITION,00:01:27,70.02856,4,-4.003069
Sebi,POSITION,00:01:27,70.35582,4,-4.619345
Sebi,POSITION,00:01:28,70.8421,4,-4.467306
Sebi,POSITION,00:01:28,71.31158,3.982686,-1.031721
Sebi,POSITION,00:01:29,70.58208,3.982686,1.777769
Sebi,POSITION,00:01:29,70.94358,3.982686,4.447378
Sebi,POSITION,00:01:30,71.19453,3.982685,6.26527
Sebi,POSITION,00:01:31,71.12622,3.982686,6.398891
Sebi,JUMP,00:01:31,71.35658,3.982686,6.422085
Sebi,POSITION,00:01:31,71.78771,4.734685,6.449465
Sebi,POSITION,00:01:32,75.04116,5.606687,6.656065
Sebi,POSITION,00:01:32,75.56628,4,6.651163
Sebi,POSITION,00:01:33,77.01617,4,6.651163
Sebi,POSITION,00:01:33,78.4654,3.999923,6.626892
Sebi,JUMP,00:01:33,78.92937,3.999923,6.626892
Sebi,POSITION,00:01:34,80.35636,6.131924,6.296717
Sebi,POSITION,00:01:34,82.25355,5.888703,6.281353
Sebi,POSITION,00:01:35,82.3075,5.833562,6.280993
Sebi,POSITION,00:01:35,85.03538,4,6.319145
Sebi,POSITION,00:01:36,86.80071,4,6.328279
Sebi,POSITION,00:01:36,88.3086,4,6.328281
Sebi,POSITION,00:01:37,89.4854,4,6.333309
Sebi,ACTIVATE_SWITCH,00:01:37,91.84625,3.98067,6.412449
Sebi,POSITION,00:01:37,92.10909,3.980968,6.410122
Sebi,POSITION,00:01:38,92.08401,3.98094,7.146622
Sebi,POSITION,00:01:38,92.08401,3.98094,7.146622
Sebi,POSITION,00:01:39,92.00186,3.980846,7.160725
Sebi,POSITION,00:01:39,91.70142,3.980506,7.212841
Sebi,JUMP,00:01:40,91.70142,3.980506,7.212841
Sebi,POSITION,00:01:40,91.52657,4.732506,7.23284
Sebi,POSITION,00:01:40,88.17242,6.192507,7.616446
Sebi,POSITION,00:01:41,86.19531,2.192508,7.842564
Sebi,DEATH,00:01:41,86.19531,0.2843161,7.842564
Sebi,POSITION,00:01:41,86.19531,0.2843161,7.842564
Sebi,POSITION,00:01:42,86.19531,0.2843161,7.842564
Sebi,POSITION,00:01:42,86.19531,0.2843161,7.842564
Sebi,POSITION,00:01:43,86.19531,0.2843161,7.842564
Sebi,POSITION,00:01:43,86.19531,0.2843161,7.842564
Sebi,ACTIVATE_SWITCH,00:01:43,92,4.752,7
Sebi,POSITION,00:01:44,92,3.980844,7
Sebi,POSITION,00:01:44,92,3.980844,7
Sebi,POSITION,00:01:45,92,3.980844,7
Sebi,POSITION,00:01:45,91.89247,3.980722,7.000029
Sebi,JUMP,00:01:45,91.69527,3.980499,7.000084
Sebi,POSITION,00:01:46,88.61528,5.9325,7.000944
Sebi,POSITION,00:01:46,88.69325,4,7.001019
Sebi,POSITION,00:01:47,89.12218,4,7.001019
Sebi,POSITION,00:01:47,87.67229,4,7.001019
Sebi,POSITION,00:01:48,85.73153,4,6.998838
Sebi,POSITION,00:01:48,84.22364,4,6.998838
Sebi,JUMP,00:01:49,82.94773,4,6.998838
Sebi,POSITION,00:01:49,82.83175,4.576,6.998838
Sebi,POSITION,00:01:49,82.11176,5.965557,6.995268
Sebi,POSITION,00:01:50,80.55856,5.982686,6.97797
Sebi,POSITION,00:01:50,77.34264,4,6.944017
Sebi,POSITION,00:01:51,75.81831,4,6.943136
Sebi,POSITION,00:01:51,74.36841,4,6.943136
Sebi,JUMP,00:01:52,73.56193,4,6.942514
Sebi,POSITION,00:01:52,72.24097,5.788,6.927174
Sebi,POSITION,00:01:52,69.45116,4.696001,6.894146
Sebi,POSITION,00:01:53,67.4798,0.4028568,6.172661
Sebi,POSITION,00:01:53,64.82929,0.5069885,4.531935
Sebi,POSITION,00:01:54,62.434,0.5288391,1.853275
Sebi,POSITION,00:01:54,59.2923,0.5603991,-0.2443562
Sebi,POSITION,00:01:55,56.15691,0.3438358,-2.580465
Sebi,POSITION,00:01:55,54.97481,0.3412323,-5.672836
Sebi,POSITION,00:01:56,54.76551,0.02256966,-9.353802
Sebi,POSITION,00:01:56,53.571,0.1062794,-13.10595
Sebi,POSITION,00:01:57,52.47562,0.1926622,-16.72584
Sebi,POSITION,00:01:57,53.63076,0.04900551,-20.13728
Sebi,POSITION,00:01:58,55.92873,0.3405771,-22.99341
Sebi,ATTACK,00:01:58,56.54197,0.4002562,-23.62398
Sebi,POSITION,00:01:59,56.28356,0.3204432,-23.19073
Sebi,POSITION,00:01:59,56.57908,0.04867744,-20.43241
Sebi,ATTACK,00:01:59,55.48005,-0.01731396,-19.55512
Sebi,ENEMY_KILLED,00:01:59,55.31316,-0.01731396,-19.52962
Sebi,POSITION,00:02:00,55.31316,-0.01731396,-19.52962
Sebi,POSITION,00:02:00,52.59388,0.2015238,-20.30476
Sebi,ATTACK,00:02:00,52.45893,0.2243347,-20.36514
Sebi,ENEMY_KILLED,00:02:00,52.30976,0.2498217,-20.43539
Sebi,POSITION,00:02:01,51.78411,0.2929411,-20.72041
Sebi,POSITION,00:02:01,48.31795,0.2067614,-22.57161
Sebi,ATTACK,00:02:01,46.89186,0.4071932,-23.38401
Sebi,ENEMY_KILLED,00:02:01,46.74987,0.433198,-23.46722
Sebi,POSITION,00:02:02,46.74987,0.433198,-23.46722
Sebi,POSITION,00:02:02,46.40474,0.5824146,-26.12988
Sebi,POSITION,00:02:03,48.78577,0.1951065,-27.2908
Sebi,POSITION,00:02:03,52.01619,1.325201,-27.45857
Sebi,POSITION,00:02:04,53.62237,2.610144,-29.59931
Sebi,POSITION,00:02:04,54.53026,3.336259,-29.59975
Sebi,POSITION,00:02:05,56.44687,4,-28.81235
Sebi,ATTACK,00:02:05,57.21844,3.982686,-30.94956
Sebi,ENEMY_KILLED,00:02:05,57.22274,3.982685,-31.11828
Sebi,POSITION,00:02:05,57.22274,3.982685,-31.11828
Sebi,POSITION,00:02:06,57.36389,3.982686,-33.09045
Sebi,ATTACK,00:02:06,57.36389,3.982686,-33.09045
Sebi,ENEMY_KILLED,00:02:06,57.37811,3.982685,-33.25868
Sebi,POSITION,00:02:06,57.38103,3.982686,-33.29305
Sebi,ATTACK,00:02:06,57.41127,3.982685,-33.64893
Sebi,ENEMY_KILLED,00:02:06,57.42556,3.982685,-33.81715
Sebi,POSITION,00:02:07,57.42556,3.982685,-33.81715
Sebi,ATTACK,00:02:07,57.45779,3.982686,-34.19653
Sebi,POSITION,00:02:07,57.47209,3.982685,-34.36475
Sebi,ATTACK,00:02:08,57.49126,3.982685,-34.59036
Sebi,POSITION,00:02:08,57.50555,3.982686,-34.75858
Sebi,ENEMY_KILLED,00:02:08,57.50555,3.982685,-34.75858
Sebi,RECEIVE_DAMAGE,00:02:08,57.50555,3.982685,-34.75858
Sebi,POSITION,00:02:08,57.50555,3.982685,-34.75858
Sebi,POSITION,00:02:09,57.50555,3.982685,-34.75858
Sebi,POSITION,00:02:09,57.25266,3.982686,-36.04116
Sebi,ACTIVATE_SWITCH,00:02:09,57.07569,3.982686,-36.93418
Sebi,POSITION,00:02:10,56.87357,3.982686,-37.09902
Sebi,POSITION,00:02:10,56.88832,3.982686,-37.09944
Sebi,ATTACK,00:02:10,57.06179,3.982686,-36.99738
Sebi,POSITION,00:02:11,57.15924,3.982685,-36.85952
Sebi,POSITION,00:02:11,57.15924,3.982685,-36.85952
Sebi,POSITION,00:02:12,56.80341,3.982685,-37.09917
Sebi,POSITION,00:02:12,56.74844,3.982685,-37.09917
Sebi,POSITION,00:02:13,56.46764,3.982686,-35.73792
Sebi,ATTACK,00:02:13,56.57675,3.982685,-35.45459
Sebi,ENEMY_KILLED,00:02:13,56.64523,3.982685,-35.30028
Sebi,POSITION,00:02:13,56.73875,3.982685,-35.22431
Sebi,POSITION,00:02:14,56.75537,3.982685,-33.43711
Sebi,POSITION,00:02:14,56.99121,4,-29.65718
Sebi,POSITION,00:02:15,55.54142,4,-26.02506
Sebi,POSITION,00:02:15,54.53947,0.4879503,-22.7257
Sebi,POSITION,00:02:16,53.64126,0.03632164,-19.89964
Sebi,POSITION,00:02:16,54.24868,0.03580856,-16.71637
Sebi,POSITION,00:02:17,57.21455,-0.01731396,-14.63689
Sebi,POSITION,00:02:17,60.95511,-0.01731396,-14.05831
Sebi,POSITION,00:02:18,63.08563,-0.01731396,-13.72915
Sebi,POSITION,00:02:18,63.08563,-0.01731396,-13.72915
Sebi,ATTACK,00:02:19,63.35307,-0.01731396,-14.85261
Sebi,POSITION,00:02:19,63.38387,-0.01731396,-15.0186
Sebi,POSITION,00:02:19,63.38387,-0.01731396,-15.0186
Sebi,POSITION,00:02:20,63.86821,-0.01731396,-15.48986
Sebi,POSITION,00:02:20,66.33337,-0.01731396,-18.02508
Sebi,ATTACK,00:02:20,66.75352,-0.01731396,-18.65685
Sebi,POSITION,00:02:21,66.90198,-0.01731396,-18.78458
Sebi,POSITION,00:02:21,67.37926,-0.01731396,-15.82611
Sebi,POSITION,00:02:22,66.65253,-0.01731396,-12.57141
Sebi,POSITION,00:02:22,66.25066,-0.01731396,-10.19899
Sebi,ATTACK,00:02:22,66.21593,-0.01731396,-10.10357
Sebi,POSITION,00:02:23,65.97388,-0.01731396,-9.901908
Sebi,ATTACK,00:02:23,67.5621,-0.01731396,-8.436688
Sebi,POSITION,00:02:23,67.5621,-0.01731396,-8.356201
Sebi,POSITION,00:02:24,66.37343,-0.01275063,-7.598747
Sebi,POSITION,00:02:24,62.59731,0.02254295,-7.452866
Sebi,POSITION,00:02:25,60.41954,-0.01731396,-8.791388
Sebi,POSITION,00:02:25,63.03246,-0.01731396,-11.10592
Sebi,POSITION,00:02:26,62.43461,-0.01731396,-14.60659
Sebi,POSITION,00:02:26,60.53768,-0.01731396,-17.93481
Sebi,ATTACK,00:02:26,60.23876,-0.01731396,-18.27929
Sebi,POSITION,00:02:27,60.27565,-0.01731396,-18.46294
Sebi,POSITION,00:02:27,62.94031,-0.01731396,-18.61623

Sebi,POSITION,00:00:02,6,-0.02091122,-35
Sebi,POSITION,00:00:02,6,-0.02091122,-35
Sebi,POSITION,00:00:03,6,-0.02091122,-35
Sebi,POSITION,00:00:04,6,-0.02091122,-35
Sebi,POSITION,00:00:04,5.976543,-0.02040577,-32.94681
Sebi,POSITION,00:00:05,6.258513,-0.01924419,-29.17252
Sebi,POSITION,00:00:05,6.803093,-0.01786518,-25.27309
Sebi,POSITION,00:00:06,7.32633,-0.01653862,-21.52239
Sebi,POSITION,00:00:06,7.850704,-0.01521015,-17.76354
Sebi,POSITION,00:00:07,8.395294,-0.01382923,-13.85978
Sebi,POSITION,00:00:07,8.918494,-0.01250362,-10.10934
Sebi,POSITION,00:00:08,9.441441,-0.01117802,-6.360722
Sebi,POSITION,00:00:08,9.592396,-0.01079464,-5.278638
Sebi,POSITION,00:00:09,9.60936,-0.01075172,-5.157035
Sebi,POSITION,00:00:09,8.615619,-0.01078892,-2.526752
Sebi,POSITION,00:00:10,7.983429,-0.01117611,-2.284378
Sebi,POSITION,00:00:10,7.982785,-0.01116943,-2.255589
Sebi,LEVEL_ENTER,00:00:11,9.45099,-0.009535789,0.06313705
Sebi,POSITION,00:00:11,9.557345,-0.009446144,0.1207962
Sebi,LEVEL_ENTER,00:00:11,9.818094,0.1831369,0.2621574
Sebi,POSITION,00:00:11,10.15246,0.03899956,0.443428
Sebi,POSITION,00:00:12,10.15246,0.03899956,0.443428
Sebi,POSITION,00:00:12,10.15246,0.03899956,0.443428
Sebi,POSITION,00:00:13,11.15491,0.03899956,0.5264378
Sebi,POSITION,00:00:13,15.08459,-0.01731396,0.6825638
Sebi,POSITION,00:00:14,18.8687,-0.01731396,0.8314075
Sebi,POSITION,00:00:14,22.66102,-0.01731396,0.9805737
Sebi,POSITION,00:00:15,26.44335,0.05550385,1.138622
Sebi,ATTACK,00:00:15,29.75889,0.218646,1.016327
Sebi,POSITION,00:00:15,29.92534,0.23701,1.008358
Sebi,ENEMY_KILLED,00:00:15,29.92534,0.23701,1.008358
Sebi,POSITION,00:00:16,31.13321,0.2952585,0.8989601
Sebi,ATTACK,00:00:16,31.72141,0.3097668,0.7486629
Sebi,ENEMY_KILLED,00:00:16,31.8777,0.3140659,0.6851482
Sebi,POSITION,00:00:16,31.96096,0.3156614,0.6478138
Sebi,ATTACK,00:00:16,32.43299,0.318593,0.4360294
Sebi,ENEMY_KILLED,00:00:16,32.58701,0.3242455,0.3669662
Sebi,POSITION,00:00:17,32.58701,0.3242455,0.3669662
Sebi,ATTACK,00:00:17,32.61184,0.3251181,0.355545
Sebi,POSITION,00:00:17,32.77901,0.3280087,0.3521481
Sebi,RECEIVE_DAMAGE,00:00:17,33.53277,0.319478,0.8672123
Sebi,POSITION,00:00:18,33.53277,0.319478,0.8672123
Sebi,POSITION,00:00:18,34.43793,0.3933878,0.6142082
Sebi,POSITION,00:00:19,36.5359,0.5424566,0.04088211
Sebi,POSITION,00:00:19,34.82724,0.4084969,-0.1235332
Sebi,ATTACK,00:00:19,34.82724,0.4084969,-0.1235332
Sebi,ENEMY_KILLED,00:00:19,34.66136,0.3994045,-0.09485626
Sebi,ENEMY_KILLED,00:00:19,34.66136,0.3994045,-0.09485626
Sebi,POSITION,00:00:20,34.66136,0.3994045,-0.09485626
Sebi,POSITION,00:00:20,34.41541,0.3480072,2.260094
Sebi,POSITION,00:00:21,33.44915,0.4888067,5.640875
Sebi,POSITION,00:00:21,31.02527,0.6420784,8.495079
Sebi,POSITION,00:00:22,28.69477,0.4253311,11.27031
Sebi,ATTACK,00:00:22,28.69477,0.4253311,11.27031
Sebi,ENEMY_KILLED,00:00:22,28.58501,0.4264326,11.39857
Sebi,POSITION,00:00:22,27.99268,0.4087362,12.08929
Sebi,POSITION,00:00:23,25.5689,0.5137081,14.83556
Sebi,POSITION,00:00:23,25.73248,0.461731,17.57456
Sebi,POSITION,00:00:24,26.11317,0.4513025,15.29524
Sebi,POSITION,00:00:24,28.48788,0.2702999,15.15705
Sebi,POSITION,00:00:25,30.2737,0.2734194,18.48046
Sebi,POSITION,00:00:25,30.60071,0.06280136,19.9943
Sebi,POSITION,00:00:26,30.60071,0.06237888,19.9354
Sebi,POSITION,00:00:26,28.9466,0.3428822,17.41766
Sebi,POSITION,00:00:27,29.66789,0.2445965,13.95374
Sebi,POSITION,00:00:27,30.29903,0.7726192,10.50827
Sebi,POSITION,00:00:28,30.23428,0.6066732,6.626598
Sebi,POSITION,00:00:28,30.19473,0.2153349,2.902607
Sebi,POSITION,00:00:29,30.04289,0.2568512,-0.862772
Sebi,POSITION,00:00:29,30.31373,0.2199411,-4.679169
Sebi,POSITION,00:00:30,28.83951,0.1893291,-7.790487
Sebi,ATTACK,00:00:30,28.68978,0.1869841,-7.81756
Sebi,POSITION,00:00:30,28.25239,0.1782875,-7.85433
Sebi,POSITION,00:00:31,25.14372,0.03521252,-8.029861
Sebi,POSITION,00:00:31,26.64487,0.01558781,-6.400486
Sebi,POSITION,00:00:32,27.98685,0.1275778,-6.864112
Sebi,POSITION,00:00:32,30.3962,0.226759,-6.364162
Sebi,POSITION,00:00:33,30.13811,0.1940594,-2.597006
Sebi,POSITION,00:00:33,29.90973,0.2277842,1.184467
Sebi,POSITION,00:00:34,29.68201,0.3893452,5.080547
Sebi,ATTACK,00:00:34,29.52329,0.4666634,6.404308
Sebi,ENEMY_KILLED,00:00:34,29.48276,0.4478006,6.565908
Sebi,POSITION,00:00:34,29.48276,0.4478006,6.565908
Sebi,POSITION,00:00:35,29.32441,0.6983109,9.544872
Sebi,POSITION,00:00:35,26.27683,0.2386456,11.12707
Sebi,POSITION,00:00:36,26.46937,0.4458323,13.67503
Sebi,ATTACK,00:00:36,27.08965,0.4423647,14.4923
Sebi,POSITION,00:00:36,27.13876,0.4566669,14.65252
Sebi,POSITION,00:00:37,24.39777,0.4879532,16.05761
Sebi,POSITION,00:00:37,20.78403,0.1723995,16.95193
Sebi,POSITION,00:00:38,17.24093,0.7790413,18.35978
Sebi,POSITION,00:00:38,17.24093,0.8664312,19.0345
Sebi,POSITION,00:00:39,18.01849,0.8642912,19.71524
Sebi,POSITION,00:00:39,21.4767,0.1664801,19.14704
Sebi,POSITION,00:00:40,24.46969,0.4620285,18.18069
Sebi,POSITION,00:00:40,27.31135,0.4383698,15.98322
Sebi,POSITION,00:00:41,28.83749,0.3569756,12.79702
Sebi,POSITION,00:00:41,29.64872,0.6977234,9.242716
Sebi,POSITION,00:00:42,31.94622,0.6601143,6.287571
Sebi,POSITION,00:00:42,32.72795,0.3142681,2.681805
Sebi,POSITION,00:00:43,35.36396,0.4446363,0.2360306
Sebi,POSITION,00:00:43,38.94064,0.4899998,-0.637167
Sebi,POSITION,00:00:44,40.63864,0.4899998,-0.6026173
Sebi,POSITION,00:00:44,44.06675,0.4899998,-0.6418056
Sebi,POSITION,00:00:45,47.83903,0.5960026,-0.8846664
Sebi,POSITION,00:00:45,51.69011,0.1589499,-1.265951
Sebi,POSITION,00:00:46,55.40173,0.3797703,-1.171055
Sebi,POSITION,00:00:46,58.98946,0.6036539,-0.009357452
Sebi,POSITION,00:00:47,62.57564,0.4454803,1.196365
Sebi,POSITION,00:00:47,66.21313,0.5333872,2.074564
Sebi,POSITION,00:00:48,67.59984,0.6156855,-0.8823452
Sebi,POSITION,00:00:48,67.59984,0.6129866,-2.247465
Sebi,POSITION,00:00:49,67.14344,0.6049175,-0.01222801
Sebi,POSITION,00:00:49,69.61751,0.2855482,2.119347
Sebi,POSITION,00:00:50,69.61857,1.411458,-0.1242599
Sebi,POSITION,00:00:51,69.01767,2.937811,-2.031952
Sebi,POSITION,00:00:51,71.21139,3.99233,-3.422049
Sebi,POSITION,00:00:52,71.54903,3.998622,-3.466828
Sebi,POSITION,00:00:52,70.91624,3.982686,-0.446413
Sebi,POSITION,00:00:53,70.73112,3.982686,3.341198
Sebi,POSITION,00:00:53,70.86926,3.982686,6.985397
Sebi,POSITION,00:00:54,70.89942,3.982686,7.454866
Sebi,POSITION,00:00:54,70.83824,3.982686,7.447716
Sebi,POSITION,00:00:55,70.69424,3.982685,7.341383
Sebi,POSITION,00:00:55,70.68636,3.982685,7.334793
Sebi,POSITION,00:00:56,70.84731,3.982685,7.248835
Sebi,POSITION,00:00:56,70.84731,3.982685,7.248835
Sebi,POSITION,00:00:57,70.84731,3.982685,7.248835
Sebi,POSITION,00:00:57,70.84731,3.982685,7.248835
Sebi,POSITION,00:00:58,70.84731,3.982685,7.248835
Sebi,POSITION,00:00:58,70.84731,3.982685,7.248835
Sebi,POSITION,00:00:59,70.84731,3.982685,7.248835
Sebi,POSITION,00:00:59,70.84731,3.982685,7.248835
Sebi,POSITION,00:01:00,70.84731,3.982685,7.248835
Sebi,POSITION,00:01:00,70.84731,3.982685,7.248835
Sebi,JUMP,00:01:01,70.84731,3.982685,7.248835
Sebi,POSITION,00:01:01,70.87923,4.182685,7.246475
Sebi,POSITION,00:01:01,73.91192,5.958686,7.035881
Sebi,POSITION,00:01:02,75.3951,4,6.954763
Sebi,POSITION,00:01:02,76.84499,4,6.954763
Sebi,POSITION,00:01:03,78.29488,4,6.954763
Sebi,JUMP,00:01:03,78.93283,4,6.954763
Sebi,POSITION,00:01:03,79.04883,6.148,6.954763
Sebi,POSITION,00:01:04,80.46944,5.982686,6.866381
Sebi,POSITION,00:01:04,81.4015,5.982686,6.820242
Sebi,POSITION,00:01:05,83.00771,5.127815,6.743671
Sebi,POSITION,00:01:05,85.81467,4,6.659626
Sebi,POSITION,00:01:06,87.26457,4,6.65963
Sebi,JUMP,00:01:06,87.52563,4,6.658241
Sebi,POSITION,00:01:06,90.27065,6.096001,6.532915
Sebi,ACTIVATE_SWITCH,00:01:06,91.92876,5.436001,6.453873
Sebi,POSITION,00:01:07,92.44449,4.989767,6.429287
Sebi,POSITION,00:01:07,92.547,4.992791,6.4244
Sebi,POSITION,00:01:08,92.43352,4.598446,7.948246
Sebi,POSITION,00:01:08,92.0367,3.980886,8.004017
Sebi,POSITION,00:01:09,91.14584,3.979878,7.592447
Sebi,POSITION,00:01:09,91.14584,3.979878,7.592447
Sebi,POSITION,00:01:10,91.14584,3.979878,7.592447
Sebi,POSITION,00:01:10,91.14584,3.979878,7.592447
Sebi,POSITION,00:01:11,91.14584,3.979878,7.592447
Sebi,POSITION,00:01:11,91.13371,3.979865,7.315514
Sebi,POSITION,00:01:12,91.13371,3.979865,7.315514
Sebi,POSITION,00:01:12,91.13371,3.979865,7.315514
Sebi,POSITION,00:01:13,90.94905,3.979656,7.322517
Sebi,POSITION,00:01:13,90.94905,3.979656,7.322517
Sebi,POSITION,00:01:14,90.94905,3.979656,7.322517
Sebi,POSITION,00:01:14,90.94905,3.979656,7.322517
Sebi,POSITION,00:01:15,90.94905,3.979656,7.322517
Sebi,POSITION,00:01:15,90.94905,3.979656,7.322517
Sebi,POSITION,00:01:16,90.94905,3.979656,7.322517
Sebi,JUMP,00:01:16,90.89655,3.979597,7.324718
Sebi,POSITION,00:01:16,88.9083,5.911597,7.408146
Sebi,POSITION,00:01:17,88.56042,4,7.41301
Sebi,POSITION,00:01:17,87.11053,4,7.41301
Sebi,POSITION,00:01:18,85.5768,4,7.416525
Sebi,JUMP,00:01:18,83.81514,4,7.44664
Sebi,POSITION,00:01:18,82.70004,5.228,7.488564
Sebi,POSITION,00:01:19,80.17532,5.982686,7.602839
Sebi,POSITION,00:01:19,80.1604,5.982686,7.603464
Sebi,POSITION,00:01:20,79.97348,5.980846,7.611307
Sebi,POSITION,00:01:20,77.18047,4,7.657627
Sebi,POSITION,00:01:21,75.20045,3.999988,7.664597
Sebi,JUMP,00:01:21,73.80763,4,7.638662
Sebi,POSITION,00:01:21,73.59645,4.392,7.596766
Sebi,POSITION,00:01:22,70.51748,5.916001,6.212563
Sebi,POSITION,00:01:22,66.97257,1.548002,4.107819
Sebi,POSITION,00:01:23,64.93126,0.4826727,2.002241
Sebi,POSITION,00:01:23,62.55737,0.349926,0.09584427
Sebi,POSITION,00:01:24,59.10947,0.4738235,-1.782076
Sebi,POSITION,00:01:24,56.82473,0.3146124,-4.573638
Sebi,POSITION,00:01:25,55.4209,0.03236866,-8.133259
Sebi,POSITION,00:01:25,53.73036,0.0354147,-11.48304
Sebi,POSITION,00:01:26,53.26527,0.1675138,-15.23253
Sebi,POSITION,00:01:26,50.79014,0.329133,-18.03316
Sebi,POSITION,00:01:27,48.81121,0.3318138,-21.25115
Sebi,POSITION,00:01:27,46.41783,0.4598017,-24.00011
Sebi,ATTACK,00:01:27,46.27697,0.490901,-24.03288
Sebi,ENEMY_KILLED,00:01:28,46.11771,0.5260038,-24.04723
Sebi,POSITION,00:01:28,45.56858,0.5396137,-23.79989
Sebi,ATTACK,00:01:28,45.43899,0.53829,-23.72015
Sebi,ENEMY_KILLED,00:01:28,45.32303,0.5307379,-23.59832
Sebi,POSITION,00:01:28,45.73341,0.5275278,-23.7922
Sebi,ATTACK,00:01:29,46.82913,0.3590031,-24.15002
Sebi,POSITION,00:01:29,46.97587,0.3207436,-24.08794
Sebi,ATTACK,00:01:29,45.90655,0.3779001,-22.69889
Sebi,ENEMY_KILLED,00:01:29,45.74191,0.3926897,-22.72811
Sebi,POSITION,00:01:29,45.74191,0.3926897,-22.72811
Sebi,RECEIVE_DAMAGE,00:01:30,45.43662,0.4991198,-23.40844
Sebi,POSITION,00:01:30,45.43662,0.4991198,-23.40844
Sebi,POSITION,00:01:30,45.74522,0.5015364,-23.59252
Sebi,POSITION,00:01:31,48.24028,0.316082,-25.51527
Sebi,POSITION,00:01:31,51.02505,0.5322886,-27.63005
Sebi,POSITION,00:01:32,53.07962,2.175948,-29
Sebi,POSITION,00:01:32,54.52655,3.333291,-29.59973
Sebi,POSITION,00:01:33,55.13724,3.822043,-28.98474
Sebi,POSITION,00:01:33,56.96699,4,-29.99155
Sebi,ATTACK,00:01:34,56.90969,3.982685,-30.13074
Sebi,ENEMY_KILLED,00:01:34,56.89507,3.982685,-30.29877
Sebi,POSITION,00:01:34,56.89166,3.982686,-30.75531
Sebi,ATTACK,00:01:34,57.37173,3.982685,-33.58674
Sebi,ENEMY_KILLED,00:01:34,57.38808,3.982686,-33.75478
Sebi,POSITION,00:01:34,57.38808,3.982686,-33.75478
Sebi,POSITION,00:01:35,57.57764,3.982686,-34.09383
Sebi,ATTACK,00:01:35,57.57764,3.982686,-34.09383
Sebi,RECEIVE_DAMAGE,00:01:35,57.68254,3.982685,-34.22611
Sebi,ENEMY_KILLED,00:01:35,57.68254,3.982685,-34.22611
Sebi,ENEMY_KILLED,00:01:35,57.68254,3.982685,-34.22611
Sebi,POSITION,00:01:35,57.68254,3.982685,-34.22611
Sebi,POSITION,00:01:36,57.18263,3.982686,-35.81813
Sebi,ACTIVATE_SWITCH,00:01:36,57.02491,3.982686,-36.84903
Sebi,POSITION,00:01:36,56.83388,3.982686,-37.09901
Sebi,POSITION,00:01:37,56.70248,3.982686,-37.05805
Sebi,ATTACK,00:01:37,56.50658,3.982686,-36.50622
Sebi,ENEMY_KILLED,00:01:37,56.55364,3.982685,-36.34439
Sebi,ATTACK,00:01:37,56.89502,3.982686,-36.41772
Sebi,POSITION,00:01:38,57.19439,3.982686,-36.63081
Sebi,POSITION,00:01:38,57.16018,3.982685,-36.15987
Sebi,POSITION,00:01:39,56.43451,3.982685,-32.65998
Sebi,POSITION,00:01:39,55.38546,3.983249,-29.04271
Sebi,POSITION,00:01:40,53.87402,2.811466,-26.44689
Sebi,POSITION,00:01:40,54.42321,0.536973,-23.21623
Sebi,POSITION,00:01:41,55.02517,0.04980946,-20.21028
Sebi,POSITION,00:01:41,53.8583,0.05131054,-16.98488
Sebi,POSITION,00:01:42,51.66768,0.1925631,-13.92022
Sebi,POSITION,00:01:42,50.89959,0.3447695,-10.70985
Sebi,POSITION,00:01:43,52.2172,0.4360275,-7.558416
Sebi,POSITION,00:01:43,51.8794,0.4746532,-7.894136
Sebi,POSITION,00:01:44,50.7331,0.2338066,-11.43731
Sebi,POSITION,00:01:44,49.89899,0.173708,-15.10638
Sebi,POSITION,00:01:45,49.34341,0.4434738,-17.95191
Sebi,POSITION,00:01:45,48.74911,0.3133392,-16.28364
Sebi,POSITION,00:01:46,45.55779,0.5634823,-14.75127
Sebi,POSITION,00:01:46,44.93223,0.499155,-13.6627
Sebi,POSITION,00:01:47,46.68773,0.3037281,-10.4812
Sebi,POSITION,00:01:47,48.84158,0.4032383,-7.374415
Sebi,POSITION,00:01:48,49.89731,0.1695089,-4.009649
Sebi,POSITION,00:01:48,50.00742,0.2395735,-0.4825821
Sebi,POSITION,00:01:49,51.51267,0.4915581,2.692268
Sebi,POSITION,00:01:49,51.55037,0.5357666,3.228189
Sebi,POSITION,00:01:50,50.90416,0.3436604,1.274578
Sebi,POSITION,00:01:50,49.74364,0.2892418,-2.157925
Sebi,POSITION,00:01:51,49.7049,0.3448286,-5.863013
Sebi,POSITION,00:01:51,50.37598,0.545373,-9.532622
Sebi,POSITION,00:01:52,50.01642,0.1392183,-13.09061
Sebi,POSITION,00:01:52,49.31958,0.3401899,-16.79396
Sebi,POSITION,00:01:53,48.78357,0.3774004,-20.67472
Sebi,POSITION,00:01:53,48.80357,0.1576109,-24.42396
Sebi,POSITION,00:01:54,50.94187,0.4657478,-26.52132
Sebi,POSITION,00:01:54,53.17951,2.255858,-27.45746
Sebi,POSITION,00:01:55,55.10693,3.797796,-29.23326
Sebi,POSITION,00:01:55,56.10363,3.982686,-32.72123
Sebi,POSITION,00:01:56,56.6121,3.982686,-36.47179
Sebi,ACTIVATE_SWITCH,00:01:56,56.67535,3.982686,-36.92394
Sebi,POSITION,00:01:56,56.93176,3.982686,-37.09901
Sebi,ATTACK,00:01:56,56.93176,3.982685,-37.09901
Sebi,POSITION,00:01:57,56.94959,3.982685,-37.09901
Sebi,POSITION,00:01:57,56.94959,3.982686,-37.09901
Sebi,POSITION,00:01:58,56.61302,3.982686,-35.30568
Sebi,POSITION,00:01:58,55.77334,3.982686,-31.74479
Sebi,POSITION,00:01:59,55.04217,3.745983,-28.04765
Sebi,POSITION,00:01:59,53.60933,1.782474,-24.64425
Sebi,POSITION,00:02:00,51.32926,0.3169241,-22.715
Sebi,POSITION,00:02:00,49.41095,0.4044323,-20.44294
Sebi,POSITION,00:02:01,49.28407,0.3305168,-16.67561
Sebi,POSITION,00:02:01,49.62148,0.1714993,-12.96474
Sebi,POSITION,00:02:02,50.49617,0.5446234,-9.331165
Sebi,POSITION,00:02:02,52.56679,0.3650723,-6.529276
Sebi,POSITION,00:02:03,53.61152,0.2976885,-3.471339
Sebi,POSITION,00:02:03,53.45008,0.2614603,-2.989803
Sebi,POSITION,00:02:04,51.9826,0.2928982,-5.329395
Sebi,POSITION,00:02:04,51.83036,0.4312449,-8.970238
Sebi,POSITION,00:02:05,52.60557,0.08143044,-11.35138
Sebi,POSITION,00:02:05,52.60557,0.08143044,-11.35138
Sebi,POSITION,00:02:06,52.60557,0.08143044,-11.35138
Sebi,POSITION,00:02:06,52.60557,0.08143044,-11.35138
Sebi,POSITION,00:02:07,52.45526,0.1136246,-11.29285
Sebi,POSITION,00:02:07,51.36226,0.2743311,-10.84618
Sebi,POSITION,00:02:08,51.36226,0.2743311,-10.84618
Sebi,POSITION,00:02:08,51.36226,0.2743311,-10.84618
Sebi,POSITION,00:02:09,51.36226,0.2743311,-10.84618
Sebi,POSITION,00:02:09,51.57434,0.2444487,-10.98808
Sebi,POSITION,00:02:10,53.57078,0.09801006,-8.313619
Sebi,POSITION,00:02:10,55.24982,0.3917017,-4.794786
Sebi,POSITION,00:02:11,58.34772,0.335721,-2.994333
Sebi,POSITION,00:02:11,61.10656,0.4189081,-0.7927189
Sebi,POSITION,00:02:12,60.71758,0.4712706,-0.1649151
Sebi,POSITION,00:02:12,57.05075,0.5810289,-0.1646385
Sebi,POSITION,00:02:13,53.16919,0.1680765,-0.08790779
Sebi,POSITION,00:02:13,49.40308,0.3633518,-0.09463882
Sebi,POSITION,00:02:14,46.61197,0.6849051,-0.1338062
Sebi,POSITION,00:02:14,42.85013,0.4899998,-0.5514088
Sebi,POSITION,00:02:15,39.07825,0.4899998,-0.6798763
Sebi,POSITION,00:02:15,36.18773,0.505517,0.8117828
Sebi,POSITION,00:02:16,34.10507,0.3764238,3.967245
Sebi,POSITION,00:02:16,31.94862,0.714427,7.21612
Sebi,POSITION,00:02:17,29.77873,0.7870865,10.2275
Sebi,POSITION,00:02:17,26.91515,0.2712011,12.51166
Sebi,POSITION,00:02:18,23.98639,0.6083908,14.78257
Sebi,POSITION,00:02:18,20.80286,0.1777534,16.72201
Sebi,POSITION,00:02:19,17.41094,0.7802935,18.52104
Sebi,ACTIVATE_SWITCH,00:02:19,16.39709,0.8355894,18.77315
Sebi,POSITION,00:02:19,16.161,0.8172283,18.79594
Sebi,POSITION,00:02:20,16.1602,0.8299503,18.55763
Sebi,POSITION,00:02:20,18.4527,0.5436687,16.47193
Sebi,POSITION,00:02:21,21.5372,0.571084,14.78122
Sebi,POSITION,00:02:21,25.14182,0.5221624,13.27148
Sebi,POSITION,00:02:22,28.06056,0.3764782,11.03222
Sebi,POSITION,00:02:22,30.46575,0.5747604,8.295628
Sebi,POSITION,00:02:23,32.65447,0.4884071,5.249699
Sebi,POSITION,00:02:23,34.40168,0.3346977,1.93644
Sebi,POSITION,00:02:24,37.23865,0.6653862,-0.3626461
Sebi,POSITION,00:02:24,39.46866,0.4899998,-0.837265
Sebi,POSITION,00:02:25,41.98983,0.4899998,-0.9081059
Sebi,POSITION,00:02:25,45.50871,0.5815401,-1.608154
Sebi,POSITION,00:02:26,48.03884,0.5624962,-4.592914
Sebi,POSITION,00:02:26,50.34001,0.5630713,-7.432546
Sebi,POSITION,00:02:27,52.69545,0.1981268,-10.32486
Sebi,POSITION,00:02:27,55.47142,0.02309799,-12.77953
Sebi,POSITION,00:02:28,59.21272,-0.01731396,-12.83181
Sebi,POSITION,00:02:28,62.66512,-0.01731396,-13.81949
Sebi,POSITION,00:02:29,64.04049,-0.01731396,-13.64778
Sebi,POSITION,00:02:30,64.04049,-0.01731396,-13.64778
Sebi,POSITION,00:02:30,65.77666,-0.01731396,-14.44978
Sebi,POSITION,00:02:31,66.52564,-0.01731396,-14.43282
Marc,POSITION,00:00:03,6,-0.02091122,-35
Marc,POSITION,00:00:03,6,-0.02091122,-35
Marc,POSITION,00:00:04,6,-0.02091122,-35
Marc,POSITION,00:00:04,6,-0.02091122,-35
Marc,POSITION,00:00:05,3.479641,-0.02270508,-35.01143
Marc,POSITION,00:00:05,-0.307544,-0.02538586,-34.97201
Marc,POSITION,00:00:06,-4.212816,-0.02803326,-34.47236
Marc,POSITION,00:00:06,-7.966384,-0.03057766,-33.99045
Marc,POSITION,00:00:07,-11.26489,-0.03264904,-32.91819
Marc,POSITION,00:00:07,-12.61573,0.3330088,-32.48281
Marc,JUMP,00:00:07,-13.32606,0.6937599,-32.31961
Marc,POSITION,00:00:08,-15.96267,2.94576,-31.83932
Marc,POSITION,00:00:08,-16.2283,0.982686,-31.79093
Marc,POSITION,00:00:09,-16.87218,0.982686,-31.49401
Marc,JUMP,00:00:09,-18.25097,0.9567347,-29.85827
Marc,POSITION,00:00:09,-18.89893,2.716735,-28.22196
Marc,POSITION,00:00:10,-20.36175,2.952735,-24.49906
Marc,POSITION,00:00:10,-20.9679,0.982686,-21.53316
Marc,JUMP,00:00:10,-20.68775,0.982686,-20.52969
Marc,POSITION,00:00:11,-19.97202,2.958686,-18.57673
Marc,POSITION,00:00:11,-17.54173,2.054687,-15.31189
Marc,POSITION,00:00:12,-15.56692,0.982686,-13.69971
Marc,JUMP,00:00:12,-13.43209,0.7486458,-11.85846
Marc,POSITION,00:00:12,-12.93641,1.500646,-11.45362
Marc,POSITION,00:00:13,-9.714478,2.988647,-8.822122
Marc,POSITION,00:00:13,-7.025451,-0.0229454,-6.625875
Marc,POSITION,00:00:14,-4.568736,-0.02068901,-4.619368
Marc,POSITION,00:00:14,-1.890114,-0.01822948,-2.432472
Marc,POSITION,00:00:15,1.492479,-0.01540089,-0.7634335
Marc,POSITION,00:00:15,5.209412,-0.0124445,0.4766788
Marc,POSITION,00:00:16,9.070424,-0.009504318,1.249575
Marc,LEVEL_ENTER,00:00:16,9.52104,-0.009167671,1.316996
Marc,LEVEL_ENTER,00:00:16,9.976009,0.2384157,1.35327
Marc,POSITION,00:00:16,11.82145,0.03899956,1.213024
Marc,POSITION,00:00:17,11.82145,0.03899956,1.213024
Marc,POSITION,00:00:17,11.82145,0.03899956,1.213024
Marc,JUMP,00:00:18,12.05187,0.0356226,1.177988
Marc,POSITION,00:00:18,12.73996,1.115623,1.073359
Marc,POSITION,00:00:18,17.00949,1.799258,0.7464199
Marc,POSITION,00:00:19,19.98533,-0.01731396,1.003279
Marc,POSITION,00:00:19,22.95563,-0.01731396,1.210165
Marc,POSITION,00:00:20,26.87806,0.05889797,1.501564
Marc,ATTACK,00:00:20,28.67144,0.1134434,1.813204
Marc,ENEMY_KILLED,00:00:20,28.83635,0.1237621,1.846289
Marc,POSITION,00:00:20,28.83635,0.1237621,1.846289
Marc,POSITION,00:00:21,31.36205,0.2720947,2.350594
Marc,ATTACK,00:00:21,32.54786,0.311223,2.577734
Marc,POSITION,00:00:21,33.06189,0.3123198,2.665073
Marc,ATTACK,00:00:21,33.06189,0.3123198,2.665073
Marc,ENEMY_KILLED,00:00:22,33.42653,0.3127146,2.725801
Marc,ATTACK,00:00:22,33.70169,0.312995,2.77121
Marc,ENEMY_KILLED,00:00:22,34.68937,0.4114189,2.892025
Marc,POSITION,00:00:22,34.68937,0.4114189,2.892025
Marc,POSITION,00:00:22,35.91061,0.5338421,2.307329
Marc,ATTACK,00:00:22,36.02251,0.5595465,2.205112
Marc,ENEMY_KILLED,00:00:23,36.116,0.5714006,2.067348
Marc,ENEMY_KILLED,00:00:23,36.116,0.5714006,2.067348
Marc,ATTACK,00:00:23,35.94704,0.5142212,1.776236
Marc,POSITION,00:00:23,35.68767,0.4935398,1.515635
Marc,ATTACK,00:00:23,35.44691,0.47684,1.376894
Marc,POSITION,00:00:23,34.67194,0.4157419,0.7489929
Marc,ATTACK,00:00:24,36.6118,0.5388002,1.118406
Marc,POSITION,00:00:24,36.77957,0.5492945,1.129238
Marc,POSITION,00:00:24,37.80355,0.6931553,0.2448559
Marc,ATTACK,00:00:25,38.47092,0.6573,-0.4508305
Marc,POSITION,00:00:25,38.60393,0.5493746,-0.5548077
Marc,POSITION,00:00:25,41.9528,0.4899998,-1.082504
Marc,POSITION,00:00:26,45.73521,0.6181793,-1.265009
Marc,POSITION,00:00:26,49.4747,0.2934017,-1.132837
Marc,POSITION,00:00:27,53.23722,0.1543627,-0.8292198
Marc,POSITION,00:00:27,56.94255,0.5539551,-0.3331108
Marc,POSITION,00:00:28,60.84454,0.4612684,-0.09799004
Marc,POSITION,00:00:28,64.60568,0.4544067,-0.08044815
Marc,JUMP,00:00:29,65.19936,0.5373507,-0.04277229
Marc,POSITION,00:00:29,68.54868,2.837352,-0.1940956
Marc,POSITION,00:00:29,69.60912,2.610635,-1.622982
Marc,POSITION,00:00:30,70.08787,3.985251,-3.392387
Marc,POSITION,00:00:30,70.72245,4,-4.44275
Marc,POSITION,00:00:31,71.05029,3.98818,-3.403481
Marc,POSITION,00:00:32,70.79441,3.982686,0.5143661
Marc,POSITION,00:00:32,71.10555,3.982686,4.276892
Marc,JUMP,00:00:32,71.13997,3.982686,4.424854
Marc,POSITION,00:00:33,73.96135,6.238686,6.737265
Marc,POSITION,00:00:33,76.61307,4,6.706289
Marc,POSITION,00:00:34,78.2696,4,6.702053
Marc,JUMP,00:00:34,79.61079,4,6.701233
Marc,POSITION,00:00:34,79.61079,4.576,6.701233
Marc,POSITION,00:00:35,82.17825,6.016066,6.673407
Marc,POSITION,00:00:35,83.31025,4,6.667391
Marc,POSITION,00:00:36,84.76031,4,6.667391
Marc,POSITION,00:00:36,86.44344,4,6.665092
Marc,JUMP,00:00:36,86.5754,4,6.664364
Marc,POSITION,00:00:37,90.30729,6.24,6.640812
Marc,ACTIVATE_SWITCH,00:00:37,91.84659,5.520001,6.684273
Marc,POSITION,00:00:37,92.43391,5.045699,6.707876
Marc,POSITION,00:00:38,91.82817,4.157853,6.504122
Marc,POSITION,00:00:38,91.67177,3.980473,6.313549
Marc,POSITION,00:00:39,91.61222,3.980405,6.337532
Marc,ATTACK,00:00:39,91.61222,3.980405,6.337532
Marc,POSITION,00:00:39,91.45796,3.980231,6.406132
Marc,POSITION,00:00:40,91.45796,3.980231,6.406132
Marc,JUMP,00:00:40,91.45796,3.980231,6.406132
Marc,POSITION,00:00:40,91.45796,6.292232,6.406132
Marc,POSITION,00:00:41,91.45796,5.212232,6.406132
Marc,JUMP,00:00:41,91.45796,3.980231,6.406132
Marc,POSITION,00:00:41,91.45796,5.060231,6.406132
Marc,POSITION,00:00:42,91.45796,6.460231,6.406132
Marc,POSITION,00:00:42,91.45796,3.980231,6.406132
Marc,JUMP,00:00:42,91.45796,3.980231,6.406132
Marc,POSITION,00:00:43,91.45796,6.532231,6.406132
Marc,POSITION,00:00:43,91.45796,4.556231,6.406132
Marc,JUMP,00:00:44,91.45796,3.980231,6.406132
Marc,POSITION,00:00:44,91.45796,5.492231,6.406132
Marc,POSITION,00:00:44,91.45796,6.220232,6.406132
Marc,JUMP,00:00:45,91.45796,3.980231,6.406132
Marc,POSITION,00:00:45,91.45796,4.372231,6.406132
Marc,POSITION,00:00:45,91.45796,6.572231,6.406132
Marc,POSITION,00:00:46,91.45796,3.980231,6.406132
Marc,JUMP,00:00:46,91.45796,3.980231,6.406132
Marc,POSITION,00:00:46,91.45796,6.356231,6.406132
Marc,POSITION,00:00:47,91.45796,4.872231,6.406132
Marc,JUMP,00:00:47,90.52028,3.979171,6.402775
Marc,POSITION,00:00:47,89.88828,4.731171,6.400513
Marc,POSITION,00:00:48,85.72831,6.023172,6.385622
Marc,POSITION,00:00:48,82.90508,4,6.377384
Marc,JUMP,00:00:49,82.39696,4,6.377384
Marc,POSITION,00:00:49,82.39696,4.392,6.377384
Marc,POSITION,00:00:49,81.06324,5.982686,6.372612
Marc,POSITION,00:00:50,78.96502,5.004975,6.365101
Marc,POSITION,00:00:50,77.12154,4,6.36224
Marc,POSITION,00:00:51,75.61364,4,6.36224
Marc,JUMP,00:00:51,75.19572,4,6.362196
Marc,POSITION,00:00:51,73.03973,6.376,6.354895
Marc,POSITION,00:00:52,69.08936,4.972001,5.61591
Marc,POSITION,00:00:52,67.00412,0.5459824,3.046556
Marc,POSITION,00:00:53,64.95759,0.4470682,0.6989403
Marc,POSITION,00:00:53,61.63156,0.4021683,0.1133461
Marc,POSITION,00:00:54,57.73131,0.6663008,0.4394054
Marc,POSITION,00:00:54,53.93352,0.1852207,-0.01779556
Marc,POSITION,00:00:55,50.24256,0.2317953,-0.8368969
Marc,POSITION,00:00:55,46.56057,0.5644798,-1.47134
Marc,POSITION,00:00:56,42.7731,0.4899998,-1.395901
Marc,POSITION,00:00:56,39.0058,0.4899998,-1.629967
Marc,JUMP,00:00:57,38.36015,0.6580315,-1.805178
Marc,POSITION,00:00:57,35.55984,3.090032,-2.9741
Marc,POSITION,00:00:57,32.1906,1.422032,-5.124054
Marc,POSITION,00:00:58,29.61668,0.1901464,-6.893463
Marc,ATTACK,00:00:58,28.11602,0.1758795,-7.961493
Marc,POSITION,00:00:58,28.11602,0.1768417,-7.961493
Marc,ATTACK,00:00:59,27.82863,0.1401863,-8.157146
Marc,POSITION,00:00:59,27.52993,0.07774067,-8.355882
Marc,POSITION,00:01:00,27.59681,0.1023111,-7.290289
Marc,POSITION,00:01:00,30.65881,0.3068295,-5.130856
Marc,POSITION,00:01:01,31.29351,0.2874355,-1.394939
Marc,POSITION,00:01:01,31.48243,0.2789307,2.390505
Marc,POSITION,00:01:02,31.53855,0.6400471,6.124672
Marc,POSITION,00:01:02,33.06899,0.5621319,9.639435
Marc,POSITION,00:01:03,32.88969,0.3301191,13.24803
Marc,JUMP,00:01:03,32.73797,0.4007387,14.14174
Marc,POSITION,00:01:03,32.14401,2.700739,17.28612
Marc,POSITION,00:01:04,31.45264,0.6179886,20.22577
Marc,POSITION,00:01:04,31.00031,0.4385157,20.24771
Marc,POSITION,00:01:05,29.22206,0.1355562,20.42593
Marc,POSITION,00:01:05,26.19222,0.1588297,20.24501
Marc,JUMP,00:01:05,24.9903,0.190587,20.0909
Marc,POSITION,00:01:06,22.30436,2.498588,19.66244
Marc,POSITION,00:01:06,18.37814,1.050588,18.89834
Marc,POSITION,00:01:07,17.24098,0.8041515,18.55338
Marc,POSITION,00:01:07,17.24098,0.8400269,18.82994
Marc,JUMP,00:01:08,17.24098,0.8457174,18.87381
Marc,POSITION,00:01:08,16.90512,1.629095,18.8882
Marc,ACTIVATE_SWITCH,00:01:08,16.26541,2.253095,18.90733
Marc,POSITION,00:01:08,14.40673,2.00626,18.96378
Marc,POSITION,00:01:09,15.30994,1.972041,19.085
Marc,JUMP,00:01:09,15.30994,1.972041,19.085
Marc,POSITION,00:01:09,19.09774,2.822626,19.45094
Marc,POSITION,00:01:10,21.91618,0.06713676,21.22113
Marc,POSITION,00:01:10,24.86637,0.2700357,20.60452
Marc,JUMP,00:01:10,25.60075,0.2191219,20.45729
Marc,POSITION,00:01:11,27.09524,2.375123,18.16424
Marc,POSITION,00:01:11,27.85168,1.688565,15.44517
Marc,POSITION,00:01:12,28.57104,0.3327646,12.88285
Marc,POSITION,00:01:12,29.57732,0.7643757,9.897202
Marc,POSITION,00:01:13,31.1175,0.6508512,6.49482
Marc,POSITION,00:01:13,33.10057,0.3303366,3.146011
Marc,POSITION,00:01:14,35.73861,0.4705992,0.450922
Marc,POSITION,00:01:14,38.67862,0.6344423,-2.11305
Marc,JUMP,00:01:14,38.81155,0.6109915,-2.330875
Marc,POSITION,00:01:15,41.5933,3.182992,-4.740072
Marc,POSITION,00:01:15,44.5914,0.682992,-7.616903
Marc,POSITION,00:01:16,46.2294,0.294961,-9.988526
Marc,POSITION,00:01:16,47.58603,0.2906675,-12.90541
Marc,POSITION,00:01:17,48.49693,0.3520937,-16.56985
Marc,POSITION,00:01:17,49.26009,0.4168634,-20.26126
Marc,POSITION,00:01:18,49.79958,0.144743,-24.1252
Marc,JUMP,00:01:18,50.05877,0.09139061,-24.81908
Marc,POSITION,00:01:18,52.039,2.427392,-27.14158
Marc,POSITION,00:01:19,54.0433,2.946886,-27.5982
Marc,POSITION,00:01:19,55.54197,4,-29.83004
Marc,ATTACK,00:01:19,55.81841,3.982686,-30.36877
Marc,POSITION,00:01:20,55.9062,3.982685,-30.61349
Marc,ATTACK,00:01:20,56.44137,3.982685,-32.26268
Marc,ENEMY_KILLED,00:01:20,56.50357,3.982686,-32.41963
Marc,POSITION,00:01:20,56.51726,3.982686,-32.4531
Marc,ATTACK,00:01:20,56.63745,3.982686,-32.7458
Marc,ENEMY_KILLED,00:01:21,56.77867,3.982686,-33.08743
Marc,ATTACK,00:01:21,56.90268,3.982686,-33.33722
Marc,POSITION,00:01:21,57.32096,3.982686,-34.13702
Marc,ENEMY_KILLED,00:01:21,57.37002,3.982686,-34.23036
Marc,POSITION,00:01:21,57.39698,3.982686,-34.44568
Marc,ATTACK,00:01:21,57.39931,3.982686,-34.49691
Marc,POSITION,00:01:22,57.41598,3.982685,-35.08055
Marc,RECEIVE_DAMAGE,00:01:22,57.46795,3.982686,-37.0722
Marc,POSITION,00:01:22,57.46795,3.982685,-37.0722
Marc,ATTACK,00:01:23,57.46795,3.982685,-37.0722
Marc,POSITION,00:01:23,57.47131,3.982686,-37.20083
Marc,POSITION,00:01:23,57.4733,3.982686,-37.27712
Marc,ATTACK,00:01:23,57.48155,3.982686,-37.59344
Marc,ENEMY_KILLED,00:01:23,57.4912,3.982686,-37.96298
Marc,ACTIVATE_SWITCH,00:01:24,57.4912,3.982686,-37.96298
Marc,POSITION,00:01:24,57.4912,3.982686,-37.96298
Marc,JUMP,00:01:24,57.38887,4.532741,-37.84725
Marc,POSITION,00:01:24,56.74024,4.844531,-37.44532
Marc,POSITION,00:01:25,58.04755,5.692531,-33.99532
Marc,JUMP,00:01:25,58.27522,3.982685,-31.76635
Marc,POSITION,00:01:25,57.92281,5.346685,-30.53804
Marc,POSITION,00:01:26,56.54881,5.086687,-26.64865
Marc,POSITION,00:01:26,54.63358,0.5361681,-23.56288
Marc,JUMP,00:01:27,54.46568,0.5361643,-23.26969
Marc,POSITION,00:01:27,53.28513,2.692165,-20.1588
Marc,POSITION,00:01:27,53.06994,0.1533222,-16.37316
Marc,JUMP,00:01:28,53.37014,0.135354,-16.14338
Marc,POSITION,00:01:28,56.26878,2.347354,-14.78905
Marc,POSITION,00:01:28,59.93428,-0.01731396,-13.69367
Marc,POSITION,00:01:29,61.96236,-0.01731396,-14.03839
Marc,POSITION,00:01:29,65.25417,-0.01731396,-14.56935

Marc,POSITION,00:00:02,6,-0.02091122,-35
Marc,POSITION,00:00:03,6,-0.02091122,-35
Marc,POSITION,00:00:03,6,-0.02091122,-35
Marc,POSITION,00:00:04,5.56137,-0.02108383,-34.45466
Marc,POSITION,00:00:04,4.42182,-0.02096081,-30.7901
Marc,POSITION,00:00:05,4.149457,-0.02011585,-26.7092
Marc,POSITION,00:00:05,5.224497,-0.01843262,-23.09673
Marc,JUMP,00:00:06,5.383233,-0.01821232,-22.6726
Marc,POSITION,00:00:06,5.949106,2.377788,-19.04634
Marc,POSITION,00:00:06,6.425146,-0.01561546,-15.37654
Marc,JUMP,00:00:07,6.43985,-0.01557827,-15.27233
Marc,POSITION,00:00:07,6.976324,2.116423,-11.46998
Marc,JUMP,00:00:08,7.452793,-0.01303196,-8.092936
Marc,POSITION,00:00:08,7.475146,0.1869688,-7.934505
Marc,POSITION,00:00:08,8.033974,1.902969,-3.973733
Marc,JUMP,00:00:08,8.433194,-0.01056671,-1.144203
Marc,POSITION,00:00:09,8.522606,0.7414331,-0.510479
Marc,POSITION,00:00:09,10.27365,2.037434,2.88221
Marc,POSITION,00:00:10,11.60917,-0.007309914,2.786823
Marc,LEVEL_ENTER,00:00:10,11.60921,-0.007352829,2.617334
Marc,LEVEL_ENTER,00:00:10,11.64918,0.1657972,2.187607
Marc,JUMP,00:00:10,12.33441,-0.009266853,0.4804306
Marc,POSITION,00:00:10,12.34934,0.5667334,0.6168232
Marc,POSITION,00:00:11,13.49108,2.038503,1.853237
Marc,POSITION,00:00:11,16.24888,-0.01731396,0.04174423
Marc,POSITION,00:00:12,18.84065,-0.01731396,0.5952377
Marc,POSITION,00:00:12,22.57433,-0.01731396,1.212599
Marc,POSITION,00:00:13,26.4677,0.0344696,1.841009
Marc,JUMP,00:00:13,27.80975,0.06445408,2.058233
Marc,POSITION,00:00:13,29.93291,2.364454,3.452557
Marc,POSITION,00:00:14,30.15111,0.8204546,7.433178
Marc,POSITION,00:00:14,29.53549,0.7275324,9.479424
Marc,JUMP,00:00:14,29.32386,0.4782209,11.58505
Marc,POSITION,00:00:15,29.14157,2.238221,13.33536
Marc,POSITION,00:00:15,28.45715,2.542221,17.27462
Marc,JUMP,00:00:16,27.90528,0.1368179,20.04789
Marc,POSITION,00:00:16,27.81402,0.8888178,20.68105
Marc,POSITION,00:00:16,27.76379,2.548819,24.67997
Marc,POSITION,00:00:17,28.01149,0.4631939,27.84247
Marc,POSITION,00:00:17,28.98474,0.6396246,29.51194
Marc,ATTACK,00:00:18,26.79334,0.5987406,29.16259
Marc,POSITION,00:00:18,26.64697,0.5895195,29.07948
Marc,ATTACK,00:00:18,26.38483,0.5639095,28.84649
Marc,ENEMY_KILLED,00:00:18,26.11109,0.536932,28.60102
Marc,ATTACK,00:00:18,25.90714,0.5386696,28.41254
Marc,POSITION,00:00:18,25.4224,0.5713911,27.95617
Marc,POSITION,00:00:19,25.48199,0.552475,27.3611
Marc,JUMP,00:00:19,25.48199,0.552475,27.3611
Marc,POSITION,00:00:19,28.06097,2.448476,24.30624
Marc,POSITION,00:00:20,29.8931,0.2176447,21.50814
Marc,ATTACK,00:00:20,30.56494,0.1302671,19.45807
Marc,POSITION,00:00:20,30.61061,0.2282066,19.40728
Marc,ENEMY_KILLED,00:00:20,30.61061,0.1830111,19.40728
Marc,ATTACK,00:00:21,30.71235,0.3164654,19.07533
Marc,POSITION,00:00:21,30.81902,0.2684546,18.72728
Marc,POSITION,00:00:21,30.1846,0.2157536,16.7389
Marc,ATTACK,00:00:21,30.11377,0.166955,16.29483
Marc,ENEMY_KILLED,00:00:21,30.09925,0.1489325,16.12858
Marc,POSITION,00:00:22,30.09517,0.1501112,15.94706
Marc,POSITION,00:00:22,30.92203,0.5401402,12.21023
Marc,POSITION,00:00:23,31.44415,0.6961365,8.361683
Marc,POSITION,00:00:23,33.10096,0.4436464,5.160057
Marc,ATTACK,00:00:24,35.17378,0.518342,3.986877
Marc,ENEMY_KILLED,00:00:24,35.32892,0.5373678,3.92812
Marc,POSITION,00:00:24,35.32892,0.5373678,3.92812
Marc,POSITION,00:00:24,36.24869,0.6300068,2.370531
Marc,ATTACK,00:00:24,35.98793,0.518609,1.856209
Marc,ENEMY_KILLED,00:00:25,35.86971,0.508975,1.736563
Marc,ATTACK,00:00:25,35.58672,0.4882517,1.528286
Marc,POSITION,00:00:25,35.29029,0.4663448,1.309847
Marc,POSITION,00:00:25,34.56997,0.3944836,-0.02350998
Marc,ATTACK,00:00:26,33.99309,0.3601408,-1.260489
Marc,ENEMY_KILLED,00:00:26,33.92168,0.3588028,-1.413456
Marc,POSITION,00:00:26,33.92168,0.3588028,-1.413456
Marc,JUMP,00:00:26,32.21023,0.5238771,-3.720096
Marc,POSITION,00:00:26,32.02777,0.9158773,-3.982979
Marc,POSITION,00:00:27,29.32485,2.791878,-6.913725
Marc,POSITION,00:00:27,27.65929,1.626647,-8.742726
Marc,ATTACK,00:00:28,27.51205,1.599961,-8.890541
Marc,POSITION,00:00:28,27.3777,1.536182,-8.992786
Marc,POSITION,00:00:28,26.5937,1.524034,-8.758447
Marc,POSITION,00:00:29,25.5817,0.00927639,-6.400995
Marc,ATTACK,00:00:29,26.47804,0.002037048,-6.856609
Marc,POSITION,00:00:29,26.49163,0.002310753,-7.024884
Marc,POSITION,00:00:30,27.82609,0.1407423,-7.726391
Marc,POSITION,00:00:30,30.34557,-0.2161837,-10.35651
Marc,POSITION,00:00:31,30.94495,0.2152443,-8.208192
Marc,POSITION,00:00:31,28.33645,-0.1613779,-10.48405
Marc,ATTACK,00:00:32,26.22081,-0.06467724,-8.370941
Marc,POSITION,00:00:32,26.20254,-0.04141235,-8.206495
Marc,ENEMY_KILLED,00:00:32,26.20254,-0.04141235,-8.206495
Marc,ATTACK,00:00:32,26.54779,-0.004853249,-8.209044
Marc,POSITION,00:00:32,26.88504,0.009073257,-8.353585
Marc,POSITION,00:00:33,28.47264,0.1522141,-6.898787
Marc,POSITION,00:00:33,30.03974,0.1512098,-3.456858
Marc,POSITION,00:00:34,30.89093,0.3033619,0.2129917
Marc,POSITION,00:00:35,31.74753,0.3310957,3.965487
Marc,POSITION,00:00:35,30.10137,0.5563364,7.453615
Marc,POSITION,00:00:36,28.16343,0.3588104,10.61702
Marc,POSITION,00:00:36,26.23911,0.5087137,13.77695
Marc,POSITION,00:00:37,23.61434,0.4738903,16.37113
Marc,JUMP,00:00:37,22.24825,0.2028303,17.2065
Marc,POSITION,00:00:37,20.01514,2.362831,18.06519
Marc,POSITION,00:00:38,17.24099,1.770831,18.6547
Marc,POSITION,00:00:38,17.24099,0.8172932,18.6547
Marc,POSITION,00:00:39,17.24099,0.8172932,18.6547
Marc,ATTACK,00:00:39,17.24099,0.8172932,18.6547
Marc,POSITION,00:00:39,17.24099,0.8172932,18.6547
Marc,JUMP,00:00:39,16.64104,0.8587999,18.67056
Marc,ACTIVATE_SWITCH,00:00:40,16.32131,1.2508,18.68378
Marc,POSITION,00:00:40,15.96994,1.983588,18.65699
Marc,POSITION,00:00:40,15.99985,1.785517,19.18121
Marc,POSITION,00:00:41,18.48047,0.6483154,19.02577
Marc,POSITION,00:00:41,21.06647,0.1345425,17.36346
Marc,JUMP,00:00:41,22.0686,0.4127798,15.56387
Marc,POSITION,00:00:42,23.15472,2.17278,14.17921
Marc,POSITION,00:00:42,25.65935,2.56478,11.06042
Marc,JUMP,00:00:43,27.39506,0.2202721,9.097073
Marc,POSITION,00:00:43,28.06266,1.300272,8.407215
Marc,POSITION,00:00:43,30.76151,2.596716,5.533661
Marc,POSITION,00:00:44,32.76483,0.320096,2.849457
Marc,POSITION,00:00:44,34.79873,0.413763,1.171827
Marc,POSITION,00:00:45,38.24365,0.7328167,-0.5970554
Marc,POSITION,00:00:45,40.14302,0.4899998,-0.8944225
Marc,POSITION,00:00:46,43.33594,0.4899998,-0.8198109
Marc,POSITION,00:00:46,47.03762,0.6681805,-0.5421715
Marc,POSITION,00:00:47,50.73316,0.2111855,-0.2402725
Marc,POSITION,00:00:47,54.50326,0.2763023,0.006486893
Marc,POSITION,00:00:48,58.22753,0.6642256,0.1497917
Marc,POSITION,00:00:48,61.98993,0.3904285,0.3145065
Marc,JUMP,00:00:49,64.70025,0.4262037,0.3079472
Marc,POSITION,00:00:49,65.81459,1.658204,0.2010269
Marc,POSITION,00:00:49,68.96692,2.538712,-1.533077
Marc,POSITION,00:00:50,69.44709,3.593183,-2.851168
Marc,POSITION,00:00:50,71.39101,4,-4.203121
Marc,POSITION,00:00:51,71.41357,4,-4.183752
Marc,POSITION,00:00:51,70.98232,3.982686,-1.186966
Marc,POSITION,00:00:52,70.83145,3.982686,2.600346
Marc,JUMP,00:00:52,71.05556,3.982686,4.088835
Marc,POSITION,00:00:52,72.57636,6.082686,5.859636
Marc,POSITION,00:00:53,76.15051,4.470686,6.037575
Marc,JUMP,00:00:53,76.6184,4,6.033134
Marc,POSITION,00:00:53,77.93338,6.16,6.082214
Marc,POSITION,00:00:54,80.86804,5.982686,6.219147
Marc,POSITION,00:00:54,82.07791,5.9742,6.374008
Marc,POSITION,00:00:55,82.10529,5.967454,6.377289
Marc,POSITION,00:00:55,82.99837,4,6.44956
Marc,JUMP,00:00:56,84.59349,4,6.511263
Marc,POSITION,00:00:56,86.30434,5.64,6.639404
Marc,POSITION,00:00:56,90.29406,5.352001,6.923893
Marc,ACTIVATE_SWITCH,00:00:57,91.77092,3.980585,7.146988
Marc,POSITION,00:00:57,91.85455,3.98068,7.160677
Marc,POSITION,00:00:57,91.96777,3.980808,6.864639
Marc,POSITION,00:00:58,88.67497,2.898674,7.097076
Marc,DEATH,00:00:58,86.63644,0.4843159,6.782969
Marc,DEATH,00:00:58,86.44073,0.2843161,6.752966
Marc,POSITION,00:00:58,85.9181,0.2843161,6.672848
Marc,POSITION,00:00:59,85.7182,0.2843161,6.642204
Marc,POSITION,00:00:59,85.7182,0.2843161,6.642204
Marc,POSITION,00:01:00,85.7182,0.2843161,6.642204
Marc,POSITION,00:01:00,85.7182,0.2843161,6.642204
Marc,ACTIVATE_SWITCH,00:01:01,92,4.752,7
Marc,POSITION,00:01:01,92,4.616,7
Marc,POSITION,00:01:01,92,3.980844,7
Marc,POSITION,00:01:02,92,3.980844,7
Marc,POSITION,00:01:02,92,3.980844,7
Marc,JUMP,00:01:02,92,3.980844,7
Marc,POSITION,00:01:03,92,6.024845,7
Marc,POSITION,00:01:03,92,3.980844,7
Marc,JUMP,00:01:03,92,3.980844,7
Marc,POSITION,00:01:04,92,6.552844,7
Marc,ACTIVATE_SWITCH,00:01:04,92,6.232844,7
Marc,POSITION,00:01:04,92,4.056844,7
Marc,JUMP,00:01:05,92,3.980844,7
Marc,POSITION,00:01:05,92,6.292844,7
Marc,ACTIVATE_SWITCH,00:01:05,92,6.232844,7
Marc,POSITION,00:01:05,92,5.112844,7
Marc,JUMP,00:01:06,92,3.980844,7
Marc,POSITION,00:01:06,92,6.180844,7
Marc,POSITION,00:01:06,92,4.300845,7
Marc,JUMP,00:01:07,90.92897,3.979633,6.94833
Marc,POSITION,00:01:07,90.29054,4.731634,6.903465
Marc,POSITION,00:01:07,87.02459,6.027634,6.67408
Marc,POSITION,00:01:08,85.45274,4,6.72114
Marc,POSITION,00:01:09,83.88686,4,6.72114
Marc,JUMP,00:01:09,83.01691,4,6.72114
Marc,POSITION,00:01:09,82.90092,5.628,6.72114
Marc,POSITION,00:01:10,82.08508,5.972629,6.779816
Marc,POSITION,00:01:10,80.06773,5.982686,6.92717
Marc,POSITION,00:01:11,78.27193,4,7.024031
Marc,JUMP,00:01:11,75.72845,4,6.897627
Marc,POSITION,00:01:11,74.85169,4.92,6.652197
Marc,POSITION,00:01:12,71.15171,6.076001,4.754997
Marc,POSITION,00:01:12,67.31834,1.396001,3.239708
Marc,POSITION,00:01:13,64.47497,0.4491768,2.786257
Marc,POSITION,00:01:13,61.36385,0.6121969,2.07984
Marc,POSITION,00:01:14,59.80393,0.4998264,-1.359898
Marc,POSITION,00:01:14,56.81732,0.4127884,-3.493759
Marc,POSITION,00:01:15,54.37335,0.3180552,-6.016458
Marc,POSITION,00:01:15,54.46671,0.01684666,-9.698628
Marc,JUMP,00:01:15,54.49774,0.006896019,-10.0001
Marc,POSITION,00:01:16,54.89309,2.450896,-13.81969
Marc,POSITION,00:01:16,54.60394,-0.01731396,-17.46849
Marc,JUMP,00:01:16,54.5434,-0.01731396,-17.648
Marc,POSITION,00:01:17,53.38503,2.530686,-20.97184
Marc,POSITION,00:01:17,52.62194,0.4194813,-24.87928
Marc,JUMP,00:01:17,52.59831,0.3736095,-25.25759
Marc,POSITION,00:01:18,52.49717,2.76908,-27.73445
Marc,POSITION,00:01:18,54.25097,3.113021,-27.86413
Marc,POSITION,00:01:19,55.98732,4,-29.55942
Marc,ATTACK,00:01:19,56.90219,3.982685,-31.12159
Marc,POSITION,00:01:19,56.95693,3.982685,-31.28128
Marc,ATTACK,00:01:20,57.09519,3.982685,-31.87411
Marc,ENEMY_KILLED,00:01:20,57.13354,3.982686,-32.03852
Marc,POSITION,00:01:20,57.13354,3.982686,-32.03852
Marc,ATTACK,00:01:20,57.21507,3.982686,-32.38155
Marc,ENEMY_KILLED,00:01:20,57.30059,3.982686,-32.74119
Marc,ATTACK,00:01:20,57.36497,3.982686,-33.01254
Marc,POSITION,00:01:20,57.42371,3.982686,-33.67566
Marc,ENEMY_KILLED,00:01:20,57.42184,3.982686,-34.01646
Marc,POSITION,00:01:21,57.41796,3.982686,-34.07608
Marc,ATTACK,00:01:21,57.40584,3.982686,-34.28465
Marc,POSITION,00:01:21,57.41924,3.982685,-34.82224
Marc,ATTACK,00:01:22,57.53476,3.982686,-36.09515
Marc,ENEMY_KILLED,00:01:22,57.54995,3.982685,-36.26329
Marc,POSITION,00:01:22,57.54995,3.982685,-36.26329
Marc,ACTIVATE_SWITCH,00:01:22,57.59516,3.982685,-36.87035
Marc,POSITION,00:01:22,57.69803,3.982686,-38.85598
Marc,POSITION,00:01:23,57.71327,3.982686,-39.26424
Marc,JUMP,00:01:23,57.50788,3.982686,-39.22948
Marc,POSITION,00:01:23,57.36368,6.397017,-36.63305
Marc,POSITION,00:01:24,56.04128,5.149018,-32.9081
Marc,POSITION,00:01:24,55.72815,3.982686,-30.49908
Marc,POSITION,00:01:25,56.14434,4,-27.22565
Marc,JUMP,00:01:25,56.15887,4,-27.07472
Marc,POSITION,00:01:25,56.24356,6.388,-23.07719
Marc,POSITION,00:01:26,56.24447,3.188001,-19.07719
Marc,POSITION,00:01:26,56.42225,-0.01731396,-15.8976
Marc,JUMP,00:01:27,56.56459,-0.01731396,-14.88667
Marc,POSITION,00:01:27,58.18943,2.294686,-13.31323
Marc,POSITION,00:01:27,62.12789,1.486686,-14.00973
Marc,POSITION,00:01:28,64.651,-0.01731396,-14.35693

Marc,POSITION,00:00:02,6,-0.02091122,-35
Marc,POSITION,00:00:03,6,-0.02091122,-35
Marc,POSITION,00:00:03,6,-0.02091122,-35
Marc,POSITION,00:00:04,5.491914,-0.02110004,-34.32395
Marc,POSITION,00:00:04,4.626074,-0.0207653,-30.58927
Marc,POSITION,00:00:05,4.401446,-0.0200243,-27.05259
Marc,POSITION,00:00:05,2.864196,-0.02023411,-23.58381
Marc,POSITION,00:00:06,1.500648,-0.02026558,-19.89913
Marc,POSITION,00:00:06,0.7859117,-0.01982689,-16.1818
Marc,POSITION,00:00:07,-0.8482634,-0.02017784,-12.99674
Marc,POSITION,00:00:07,-4.013916,-0.02189732,-10.91677
Marc,POSITION,00:00:08,-6.499588,-0.02293587,-8.055921
Marc,POSITION,00:00:08,-8.977081,-0.02396679,-5.191231
Marc,POSITION,00:00:09,-11.72704,-0.02520466,-2.377199
Marc,JUMP,00:00:09,-13.8221,0.9454603,-0.4579105
Marc,POSITION,00:00:09,-14.31343,1.69746,-0.04807663
Marc,POSITION,00:00:10,-16.46608,3.289461,3.301474
Marc,POSITION,00:00:10,-18.18115,0.982686,6.163885
Marc,POSITION,00:00:11,-19.71058,0.982686,8.356716
Marc,JUMP,00:00:11,-20.34512,0.982686,9.211418
Marc,POSITION,00:00:11,-22.06383,3.358686,11.52236
Marc,POSITION,00:00:12,-24.65143,1.814686,14.57211
Marc,JUMP,00:00:12,-25.31376,0.982686,15.33526
Marc,POSITION,00:00:12,-26.6817,3.283792,17.16727
Marc,POSITION,00:00:13,-28.43102,3.119928,17.19147
Marc,POSITION,00:00:13,-27.51109,3.619922,16.41484
Marc,POSITION,00:00:14,-27.51109,4.139915,16.41484
Marc,POSITION,00:00:14,-27.51109,4.659908,16.41484
Marc,POSITION,00:00:15,-27.51109,5.159902,16.41484
Marc,POSITION,00:00:15,-26.03645,5.659895,17.34394
Marc,JUMP,00:00:15,-26.03645,5.659895,17.34394
Marc,POSITION,00:00:16,-23.32655,8.150895,20.48418
Marc,POSITION,00:00:16,-19.49508,4.850896,21.49467
Marc,JUMP,00:00:17,-16.92803,0.9658098,21.88504
Marc,POSITION,00:00:17,-16.29214,1.71781,21.91608
Marc,POSITION,00:00:17,-13.62399,2.73781,19.04672
Marc,POSITION,00:00:18,-12.2207,0.1422386,16.12116
Marc,POSITION,00:00:19,-10.64011,-0.02044296,13.30149
Marc,POSITION,00:00:19,-7.323445,-0.01854515,11.49885
Marc,POSITION,00:00:20,-3.735148,-0.01641083,9.866901
Marc,POSITION,00:00:20,-0.149478,-0.01427746,8.236149
Marc,POSITION,00:00:21,3.296126,-0.01222801,6.669098
Marc,POSITION,00:00:21,6.880576,-0.01009655,5.0389
Marc,JUMP,00:00:21,8.068417,-0.009864807,2.630522
Marc,POSITION,00:00:22,9.079164,1.222135,2.150238
Marc,POSITION,00:00:22,12.10936,1.476834,0.7012634
Marc,LEVEL_ENTER,00:00:22,12.20038,0.5528336,0.6598644
Marc,LEVEL_ENTER,00:00:22,12.20038,0.5528336,0.6598644
Marc,POSITION,00:00:23,11.73351,0.03899956,0.6049309
Marc,JUMP,00:00:23,10.12108,0.03899956,1.057619
Marc,POSITION,00:00:23,9.680141,0.7909994,1.484266
Marc,POSITION,00:00:24,11.65749,2.153257,2.250221
Marc,POSITION,00:00:24,13.78344,-0.01625633,0.893507
Marc,POSITION,00:00:25,15.99433,-0.01731396,0.9130917
Marc,POSITION,00:00:25,19.9387,-0.01731396,0.9521255
Marc,POSITION,00:00:26,23.88241,-0.01731396,0.9175262
Marc,POSITION,00:00:26,27.74122,0.08534718,0.730978
Marc,JUMP,00:00:26,28.32226,0.1400833,-0.7671013
Marc,POSITION,00:00:27,28.29937,2.212084,-3.006918
Marc,POSITION,00:00:27,28.39211,1.948084,-6.972944
Marc,POSITION,00:00:28,28.43198,0.1831913,-7.880539
Marc,ATTACK,00:00:28,28.31251,0.181591,-7.920149
Marc,POSITION,00:00:28,28.15238,0.1787071,-7.973473
Marc,ATTACK,00:00:28,27.82006,0.1494446,-8.085525
Marc,POSITION,00:00:29,27.47214,0.09789371,-8.184141
Marc,POSITION,00:00:29,27.39142,0.05954075,-6.401815
Marc,JUMP,00:00:29,27.39142,0.05954075,-6.401815
Marc,POSITION,00:00:30,29.86949,2.511326,-4.657068
Marc,POSITION,00:00:30,31.67607,0.3093014,-1.771952
Marc,POSITION,00:00:31,31.7121,0.3121872,0.6102791
Marc,POSITION,00:00:31,30.55168,0.3026857,4.356537
Marc,POSITION,00:00:32,29.2422,0.4461622,7.991274
Marc,JUMP,00:00:32,28.83541,0.5671968,8.947933
Marc,POSITION,00:00:32,27.07626,2.939197,11.20289
Marc,POSITION,00:00:33,24.2147,1.299197,13.99778
Marc,POSITION,00:00:33,23.50282,0.473093,15.98316
Marc,POSITION,00:00:34,24.72481,0.2993765,19.20855
Marc,POSITION,00:00:34,22.97813,0.1537704,22.22958
Marc,POSITION,00:00:35,26.18509,0.4034958,21.92798
Marc,POSITION,00:00:35,29.95063,0.2360077,21.71839
Marc,POSITION,00:00:36,33.28332,0.3208818,19.90402
Marc,POSITION,00:00:36,32.66011,0.4385157,19.06243
Marc,JUMP,00:00:37,31.52672,0.4385157,19.3527
Marc,POSITION,00:00:37,29.29139,2.510516,19.49473
Marc,POSITION,00:00:37,25.30795,1.778516,19.85108
Marc,POSITION,00:00:38,22.12022,0.1415586,20.05928
Marc,POSITION,00:00:38,19.19411,0.569809,20.11193
Marc,POSITION,00:00:39,17.24096,0.8705902,19.26281
Marc,POSITION,00:00:39,17.24096,0.8726034,19.22526
Marc,POSITION,00:00:40,17.24096,0.8672924,19.04047
Marc,ATTACK,00:00:40,17.24096,0.8104963,18.60228
Marc,POSITION,00:00:40,17.23358,0.8097267,18.58977
Marc,ACTIVATE_SWITCH,00:00:41,16.33277,0.8380136,18.64088
Marc,POSITION,00:00:41,16.161,0.8249636,18.6517
Marc,POSITION,00:00:41,16.161,0.8249636,18.6517
Marc,JUMP,00:00:42,16.4826,0.8262758,19.06256
Marc,POSITION,00:00:42,19.02624,3.066276,19.18675
Marc,POSITION,00:00:42,22.48284,1.842277,17.58046
Marc,JUMP,00:00:43,25.07829,0.4697647,16.71112
Marc,POSITION,00:00:43,25.54304,1.221765,16.35322
Marc,POSITION,00:00:44,26.19897,2.757766,12.33449
Marc,POSITION,00:00:44,28.91787,0.4856043,10.59314
Marc,POSITION,00:00:45,30.16024,0.5453444,8.259586
Marc,POSITION,00:00:45,32.77483,0.4989109,5.380781
Marc,POSITION,00:00:46,35.58009,0.5204306,2.862686
Marc,JUMP,00:00:46,35.94436,0.5576601,2.599329
Marc,POSITION,00:00:46,38.96386,3.01766,0.7952595
Marc,POSITION,00:00:47,42.8675,0.5176601,0.1493969
Marc,POSITION,00:00:47,44.97065,0.5211802,0.236721
Marc,POSITION,00:00:48,48.61811,0.4676571,0.3926563
Marc,POSITION,00:00:48,52.21383,0.342885,0.6299877
Marc,POSITION,00:00:49,55.94942,0.681571,0.7982025
Marc,POSITION,00:00:49,59.71196,0.64606,0.9947186
Marc,JUMP,00:00:49,62.42771,0.4314442,0.9744492
Marc,POSITION,00:00:50,63.69924,1.807444,0.8313141
Marc,POSITION,00:00:50,67.62969,2.503445,0.09049416
Marc,POSITION,00:00:51,69.51981,2.07697,-0.9559002
Marc,POSITION,00:00:51,69.76316,3.89792,-2.77124
Marc,POSITION,00:00:52,70.23178,3.982686,-3.363052
Marc,POSITION,00:00:52,71.17491,3.982686,-1.506157
Marc,POSITION,00:00:53,71.31248,3.982686,2.414305
Marc,POSITION,00:00:53,71.74816,3.982685,5.981071
Marc,POSITION,00:00:54,71.5262,3.982685,7.75375
Marc,JUMP,00:00:54,71.29738,3.982685,7.795839
Marc,POSITION,00:00:54,71.29738,5.494686,7.795839
Marc,POSITION,00:00:55,71.29738,6.054686,7.795839
Marc,POSITION,00:00:55,71.29738,3.982686,7.795839
Marc,POSITION,00:00:56,71.09712,3.982686,7.112566
Marc,POSITION,00:00:56,71.0894,3.982686,7.08556
Marc,POSITION,00:00:57,71.06668,3.982685,7.006123
Marc,POSITION,00:00:57,71.45407,3.982686,7.007782
Marc,POSITION,00:00:58,71.37709,3.982686,7.090061
Marc,POSITION,00:00:58,70.10857,3.982686,7.073071
Marc,POSITION,00:00:59,70.10282,3.982686,7.218082
Marc,JUMP,00:00:59,70.52139,3.982686,7.241629
Marc,POSITION,00:00:59,70.52139,4.182685,7.241629
Marc,POSITION,00:01:00,70.52139,6.414686,7.241629
Marc,JUMP,00:01:00,70.52139,3.982685,7.241629
Marc,POSITION,00:01:00,70.52139,4.182685,7.241629
Marc,POSITION,00:01:01,70.52139,6.206686,7.241629
Marc,JUMP,00:01:01,70.69663,3.982686,7.229256
Marc,POSITION,00:01:01,70.76846,4.182686,7.224186
Marc,POSITION,00:01:02,73.54155,6.026687,7.028389
Marc,POSITION,00:01:02,74.05538,4,7.024866
Marc,POSITION,00:01:03,76.63184,4,6.945326
Marc,POSITION,00:01:03,78.10369,4,6.943775
Marc,JUMP,00:01:04,78.97363,4,6.943775
Marc,POSITION,00:01:04,79.61708,5.654827,6.896835
Marc,POSITION,00:01:04,82.58631,5.341704,6.679768
Marc,POSITION,00:01:05,83.4762,4,6.67836
Marc,POSITION,00:01:05,84.92609,4,6.67836
Marc,JUMP,00:01:05,85.56404,4,6.67836
Marc,POSITION,00:01:06,87.47581,6.072001,6.555141
Marc,POSITION,00:01:06,91.38145,5.492001,6.897015
Marc,ACTIVATE_SWITCH,00:01:06,91.88351,4.916001,7.187405
Marc,POSITION,00:01:07,91.88483,3.980714,7.563131
Marc,JUMP,00:01:07,89.90618,3.965069,7.557823
Marc,POSITION,00:01:07,88.67192,5.341069,7.21871
Marc,POSITION,00:01:08,85.547,5.59307,6.447931
Marc,POSITION,00:01:08,84.064,4,6.867851
Marc,POSITION,00:01:09,82.55611,4,6.867851
Marc,JUMP,00:01:09,82.39693,4,6.861988
Marc,POSITION,00:01:09,80.78341,6.329595,6.578491
Marc,POSITION,00:01:10,79.20158,4,8.251049
Marc,POSITION,00:01:10,77.60666,4,8.075794
Marc,JUMP,00:01:11,76.08104,4,8.003464
Marc,POSITION,00:01:11,74.22762,5.872,7.599663
Marc,POSITION,00:01:11,72.51296,6.064001,4.824329
Marc,JUMP,00:01:12,69.84153,3.945763,4.038498
Marc,POSITION,00:01:12,69.22435,4.697763,3.869326
Marc,POSITION,00:01:12,65.29228,6.489764,3.874308
Marc,POSITION,00:01:13,61.82857,3.057764,3.825684
Marc,POSITION,00:01:13,61.0177,0.5351191,0.7828045
Marc,POSITION,00:01:14,60.46087,0.4588108,-2.002399
Marc,POSITION,00:01:14,57.17204,0.3022327,-4.049253
Marc,POSITION,00:01:15,55.23553,0.1384039,-7.26722
Marc,POSITION,00:01:15,53.73454,0.02855778,-10.7236
Marc,POSITION,00:01:16,52.76539,0.195837,-14.52655
Marc,POSITION,00:01:16,52.20621,0.1752253,-18.26385
Marc,POSITION,00:01:17,52.05709,0.4081068,-22.03794
Marc,POSITION,00:01:17,54.62127,0.5374565,-23.55882
Marc,ATTACK,00:01:18,55.36119,0.4414434,-23.49412
Marc,ATTACK,00:01:18,55.8653,0.3836927,-23.57701
Marc,POSITION,00:01:18,56.22514,0.3445797,-23.51579
Marc,POSITION,00:01:18,57.26131,0.5020561,-23.53522
Marc,ATTACK,00:01:19,58.45382,0.5800552,-23.47166
Marc,POSITION,00:01:19,58.62198,0.5715714,-23.46892
Marc,POSITION,00:01:19,60.69241,1.038707,-25.48571
Marc,POSITION,00:01:20,64.11019,0.916604,-25.11825
Marc,ATTACK,00:01:20,64.11019,0.916604,-25.11825
Marc,POSITION,00:01:20,64.91688,0.8372078,-24.75818
Marc,ATTACK,00:01:21,67.01892,0.2830019,-24.61512
Marc,POSITION,00:01:21,67.13887,0.2892189,-24.6136
Marc,POSITION,00:01:21,65.83548,0.2818365,-25.62761
Marc,POSITION,00:01:22,62.83238,0.7472076,-24.26496
Marc,POSITION,00:01:22,58.97995,0.7080803,-23.95152
Marc,JUMP,00:01:23,56.58907,0.5060539,-23.99799
Marc,POSITION,00:01:23,55.19667,2.018054,-24.34827
Marc,POSITION,00:01:24,54.07823,2.974835,-26.62163
Marc,POSITION,00:01:24,55.18921,3.863616,-27.90312
Marc,POSITION,00:01:25,56.23743,3.982686,-31.63662
Marc,ATTACK,00:01:25,56.57333,3.982685,-33.2715
Marc,ENEMY_KILLED,00:01:25,56.60369,3.982686,-33.43758
Marc,ENEMY_KILLED,00:01:25,56.60369,3.982686,-33.43758
Marc,POSITION,00:01:25,56.60369,3.982686,-33.43758
Marc,ATTACK,00:01:25,56.71156,3.982686,-33.77322
Marc,ENEMY_KILLED,00:01:25,56.83077,3.982686,-34.12314
Marc,ATTACK,00:01:25,56.93943,3.982686,-34.37998
Marc,POSITION,00:01:26,57.20753,3.982686,-34.99095
Marc,RECEIVE_DAMAGE,00:01:26,57.36986,3.982686,-35.35702
Marc,POSITION,00:01:26,57.36986,3.982686,-35.35702
Marc,ATTACK,00:01:26,57.44251,3.982686,-35.55291
Marc,POSITION,00:01:27,57.44251,3.982686,-35.55291
Marc,ATTACK,00:01:27,57.53191,3.982686,-35.9799
Marc,ENEMY_KILLED,00:01:27,57.56133,3.982685,-36.14615
Marc,POSITION,00:01:27,57.59711,3.982686,-36.36016
Marc,ATTACK,00:01:27,57.6181,3.982686,-36.49413
Marc,ACTIVATE_SWITCH,00:01:27,57.6618,3.982686,-36.86101
Marc,POSITION,00:01:28,57.62137,3.982685,-36.95661
Marc,POSITION,00:01:28,57.66557,4.99171,-37.93519
Marc,POSITION,00:01:29,56.97172,5.082125,-37.38325
Marc,POSITION,00:01:29,56.92426,3.982685,-34.89872
Marc,POSITION,00:01:30,55.24908,3.982686,-31.83962
Marc,POSITION,00:01:30,53.81738,3.197388,-28.14641
Marc,POSITION,00:01:31,53.72715,5.121388,-24.14972
Marc,POSITION,00:01:31,53.72596,1.273389,-19.98972
Marc,JUMP,00:01:31,53.78688,0.01655579,-18.74422
Marc,POSITION,00:01:32,54.54031,1.888556,-17.03355
Marc,POSITION,00:01:32,58.05134,1.760556,-15.27763
Marc,POSITION,00:01:33,60.81077,-0.01731396,-14.68598
Marc,POSITION,00:01:33,63.78076,-0.01731396,-14.54728

